date,midday_mean_lmp_usd_per_mwh,evening_mean_lmp_usd_per_mwh,evening_minus_midday_spread_usd_per_mwh,midday_interval_count,evening_interval_count,total_lmp_interval_count,negative_lmp_interval_count,minimum_lmp_usd_per_mwh,maximum_lmp_usd_per_mwh,data_quality_flag
2023-05-01,5.27999,57.23385,51.95386,6,4,24,0,2.46999,72.19191,OK
2023-05-02,15.03824,62.77357,47.73533,6,4,24,0,9.73975,79.78268,OK
2023-05-03,13.54477,51.99542,38.45064,6,4,24,0,9.46889,65.46217,OK
2023-05-04,5.84648,35.79136,29.94488,6,4,24,0,1.63430,47.43426,OK
2023-05-05,-3.60431,29.06954,32.67385,6,4,24,7,-6.21071,43.62109,OK
2023-05-06,-12.19987,20.72528,32.92515,6,4,24,9,-13.00000,36.30816,OK
2023-05-07,-16.73783,18.26185,34.99968,6,4,24,10,-18.54614,36.11000,OK
2023-05-08,-13.25898,29.72457,42.98356,6,4,24,9,-14.79689,49.22120,OK
2023-05-09,-3.14408,33.13961,36.28369,6,4,24,8,-4.36006,47.31057,OK
2023-05-10,-12.52748,29.05900,41.58648,6,4,24,9,-12.67117,48.79308,OK
2023-05-11,-7.96583,33.17646,41.14229,6,4,24,9,-10.39011,49.42003,OK
2023-05-12,-0.42792,43.07144,43.49936,6,4,24,6,-1.57592,57.23385,OK
2023-05-13,-6.53066,44.37104,50.90169,6,4,24,7,-10.00000,59.96294,OK
2023-05-14,-10.81179,42.64004,53.45183,6,4,24,9,-13.02365,60.05186,OK
2023-05-15,12.75811,74.47861,61.72050,6,4,24,0,5.59457,102.11000,OK
2023-05-16,12.64373,70.28554,57.64180,6,4,24,0,5.95886,98.46349,OK
2023-05-17,10.24914,63.14715,52.89801,6,4,24,0,3.41371,86.89181,OK
2023-05-18,3.73441,53.29717,49.56277,6,4,24,2,-0.61674,72.10712,OK
2023-05-19,3.22774,39.55013,36.32239,6,4,24,0,0.77412,51.16143,OK
2023-05-20,-0.71846,34.90456,35.62302,6,4,24,3,-2.36632,46.48315,OK
2023-05-21,-7.88917,35.51158,43.40074,6,4,24,8,-10.52766,49.35421,OK
2023-05-22,-1.15932,49.87602,51.03534,6,4,24,5,-4.47257,68.18280,OK
2023-05-23,5.13275,47.90375,42.77100,6,4,24,0,3.32906,62.81805,OK
2023-05-24,1.98322,49.13687,47.15365,6,4,24,0,0.17361,65.05170,OK
2023-05-25,1.16622,40.81400,39.64778,6,4,24,0,0.54741,54.17711,OK
2023-05-26,-1.32475,32.24189,33.56665,6,4,24,5,-2.75253,46.13695,OK
2023-05-27,-12.19041,21.93353,34.12394,6,4,24,10,-13.73284,37.73812,OK
2023-05-28,-12.24840,20.78500,33.03340,6,4,24,10,-12.49592,34.64688,OK
2023-05-29,-10.29181,25.03746,35.32927,6,4,24,9,-10.75407,38.64468,OK
2023-05-30,3.09110,32.03042,28.93932,6,4,24,0,2.76984,43.74507,OK
2023-05-31,-0.82309,34.33966,35.16275,6,4,24,4,-1.64542,50.01065,OK
2023-06-01,7.67057,39.52617,31.85560,6,4,24,0,7.37850,51.19551,OK
2023-06-02,5.16277,36.47845,31.31568,6,4,24,0,4.15642,47.88197,OK
2023-06-03,2.17062,38.67781,36.50720,6,4,24,0,0.33185,49.56286,OK
2023-06-04,6.97920,47.06363,40.08443,6,4,24,0,4.00000,61.04319,OK
2023-06-05,18.32013,50.78916,32.46903,6,4,24,0,17.34639,60.27000,OK
2023-06-06,21.94799,51.97062,30.02263,6,4,24,0,19.80158,61.88131,OK
2023-06-07,23.65123,52.20852,28.55728,6,4,24,0,21.03735,63.54000,OK
2023-06-08,25.65954,49.94159,24.28205,6,4,24,0,24.82577,59.40000,OK
2023-06-09,21.65405,44.12365,22.46959,6,4,24,0,20.59661,55.97747,OK
2023-06-10,22.39231,40.61602,18.22371,6,4,24,0,21.43354,46.23244,OK
2023-06-11,12.30856,35.25105,22.94249,6,4,24,0,11.96343,43.22683,OK
2023-06-12,22.62889,41.59367,18.96478,6,4,24,0,21.10000,51.16046,OK
2023-06-13,11.33752,39.41714,28.07962,6,4,24,0,10.00000,52.06107,OK
2023-06-14,9.22604,40.76546,31.53942,6,4,24,0,8.55805,53.19813,OK
2023-06-15,7.99254,43.29863,35.30608,6,4,24,0,6.88398,54.67941,OK
2023-06-16,14.93408,45.15651,30.22242,6,4,24,0,13.09619,58.38516,OK
2023-06-17,4.21145,45.28569,41.07423,6,4,24,0,2.64000,68.18067,OK
2023-06-18,-10.63678,35.82840,46.46518,6,4,24,9,-11.59317,52.44091,OK
2023-06-19,-4.04877,36.06815,40.11692,6,4,24,7,-6.25443,51.08000,OK
2023-06-20,-7.47822,38.98804,46.46626,6,4,24,8,-10.88000,65.72079,OK
2023-06-21,-0.49527,48.34048,48.83575,6,4,24,5,-2.96722,69.24221,OK
2023-06-22,-0.03881,47.71238,47.75118,6,4,24,3,-1.18810,75.00000,OK
2023-06-23,-7.05726,35.30021,42.35747,6,4,24,8,-8.00000,52.33420,OK
2023-06-24,1.18424,44.33469,43.15046,6,4,24,0,0.20991,65.72891,OK
2023-06-25,-4.46843,40.01653,44.48497,6,4,24,8,-6.34430,64.72000,OK
2023-06-26,1.75510,47.62170,45.86661,6,4,24,0,0.73226,65.53000,OK
2023-06-27,12.36436,60.27309,47.90873,6,4,24,0,7.62847,82.19728,OK
2023-06-28,15.19498,53.62929,38.43431,6,4,24,0,12.96860,68.81836,OK
2023-06-29,28.81590,70.19543,41.37953,6,4,24,0,23.07175,85.47818,OK
2023-06-30,37.54858,83.85031,46.30173,6,4,24,0,30.06766,100.87000,OK
2023-07-01,33.64561,66.54319,32.89758,6,4,24,0,23.03336,79.42506,OK
2023-07-02,32.67531,71.92823,39.25292,6,4,24,0,21.50000,93.73847,OK
2023-07-03,39.14001,79.54707,40.40706,6,4,24,0,32.01885,101.20406,OK
2023-07-04,20.10764,56.32312,36.21548,6,4,24,0,10.84143,68.02536,OK
2023-07-05,26.87004,61.17782,34.30777,6,4,24,0,21.35835,71.03879,OK
2023-07-06,18.55695,50.55311,31.99616,6,4,24,0,14.08028,59.83916,OK
2023-07-07,19.52683,45.05554,25.52871,6,4,24,0,16.25646,53.80975,OK
2023-07-08,14.81856,42.36642,27.54787,6,4,24,0,9.88251,51.66038,OK
2023-07-09,13.68013,44.40850,30.72836,6,4,24,0,9.43297,55.71485,OK
2023-07-10,29.39394,64.05008,34.65614,6,4,24,0,23.48000,78.14167,OK
2023-07-11,33.42739,74.01528,40.58789,6,4,24,0,27.77320,88.81571,OK
2023-07-12,33.49756,82.16457,48.66701,6,4,24,0,28.89000,104.48231,OK
2023-07-13,36.22149,79.43099,43.20950,6,4,24,0,31.14447,101.85000,OK
2023-07-14,47.63305,115.87306,68.24000,6,4,24,0,34.41511,158.74478,OK
2023-07-15,49.79042,135.95509,86.16466,6,4,24,0,34.95261,200.20000,OK
2023-07-16,53.20703,164.16540,110.95837,6,4,24,0,38.49704,243.34370,OK
2023-07-17,62.30165,192.64466,130.34301,6,4,24,0,45.56206,283.37030,OK
2023-07-18,62.03603,147.52233,85.48630,6,4,24,0,46.39119,210.92725,OK
2023-07-19,61.64858,135.53089,73.88230,6,4,24,0,47.86175,187.19858,OK
2023-07-20,69.56196,156.81990,87.25794,6,4,24,0,49.23095,226.27274,OK
2023-07-21,79.10756,177.32489,98.21733,6,4,24,0,51.67000,266.61365,OK
2023-07-22,66.73437,175.32652,108.59215,6,4,24,0,48.77233,264.01810,OK
2023-07-23,62.86545,177.97027,115.10483,6,4,24,0,48.83598,283.78873,OK
2023-07-24,69.52177,201.36361,131.84184,6,4,24,0,52.94857,310.25000,OK
2023-07-25,77.37981,212.80832,135.42851,6,4,24,0,55.67072,334.38562,OK
2023-07-26,70.82925,189.88688,119.05762,6,4,24,0,52.09374,319.93732,OK
2023-07-27,111.39056,378.59294,267.20238,6,4,24,0,73.91000,534.33000,OK
2023-07-28,93.01526,336.29167,243.27642,6,4,24,0,57.67451,484.35822,OK
2023-07-29,69.86650,215.97739,146.11089,6,4,24,0,47.01358,331.79310,OK
2023-07-30,72.59835,164.65162,92.05327,6,4,24,0,41.00385,215.60336,OK
2023-07-31,88.57619,193.43498,104.85879,6,4,24,0,54.26530,247.00000,OK
2023-08-01,76.83988,150.28682,73.44694,6,4,24,0,62.86573,200.49403,OK
2023-08-02,66.57304,131.80866,65.23562,6,4,24,0,53.93856,174.34389,OK
2023-08-03,52.22831,107.53802,55.30971,6,4,24,0,45.82000,133.23738,OK
2023-08-04,54.88820,107.87860,52.99040,6,4,24,0,39.51527,120.73573,OK
2023-08-05,48.57386,109.26578,60.69192,6,4,24,0,30.59000,139.54198,OK
2023-08-06,53.65048,126.50955,72.85907,6,4,24,0,32.31710,154.98824,OK
2023-08-07,70.57181,159.12634,88.55453,6,4,24,0,49.48025,217.86697,OK
2023-08-08,51.11026,103.28146,52.17120,6,4,24,0,38.76761,125.00000,OK
2023-08-09,43.65951,75.51951,31.86000,6,4,24,0,38.88000,87.44264,OK
2023-08-10,46.00343,74.73262,28.72919,6,4,24,0,42.00960,85.55535,OK
2023-08-11,44.20413,70.03076,25.82663,6,4,24,0,40.86653,77.50000,OK
2023-08-12,37.33308,73.23696,35.90388,6,4,24,0,28.48880,86.59097,OK
2023-08-13,38.91055,96.81699,57.90644,6,4,24,0,25.40000,123.85090,OK
2023-08-14,61.82151,236.35206,174.53055,6,4,24,0,43.47000,350.00000,OK
2023-08-15,95.84003,618.49489,522.65486,6,4,24,0,61.90187,933.61090,OK
2023-08-16,117.53482,958.61973,841.08491,6,4,24,0,66.58073,1247.63350,OK
2023-08-17,71.30872,206.49079,135.18207,6,4,24,0,51.38712,334.91000,OK
2023-08-18,43.63826,92.43628,48.79802,6,4,24,0,34.15023,115.47742,OK
2023-08-19,43.20338,68.72616,25.52279,6,4,24,0,36.68002,73.52587,OK
2023-08-20,48.48739,63.05851,14.57112,6,4,24,0,44.10746,64.28233,OK
2023-08-21,42.56239,64.09881,21.53642,6,4,24,0,38.70256,70.02071,OK
2023-08-22,30.04912,66.41179,36.36267,6,4,24,0,23.46652,81.25761,OK
2023-08-23,28.72035,67.27787,38.55751,6,4,24,0,23.06691,88.23373,OK
2023-08-24,28.33727,66.11667,37.77941,6,4,24,0,24.93000,84.09777,OK
2023-08-25,36.73752,78.47317,41.73565,6,4,24,0,30.80000,95.79964,OK
2023-08-26,30.52373,77.18383,46.66010,6,4,24,0,18.81744,99.36647,OK
2023-08-27,32.22693,93.11548,60.88854,6,4,24,0,17.97890,129.42170,OK
2023-08-28,68.79841,335.91772,267.11931,6,4,24,0,42.62630,450.00000,OK
2023-08-29,73.63700,247.67611,174.03911,6,4,24,0,40.29162,348.85678,OK
2023-08-30,55.87601,205.32824,149.45223,6,4,24,0,34.52000,300.00000,OK
2023-08-31,34.11143,64.80974,30.69831,6,4,24,0,27.06631,72.11628,OK
2023-09-01,29.60410,53.38735,23.78325,6,4,24,0,25.88610,57.80632,OK
2023-09-02,24.29641,49.57322,25.27681,6,4,24,0,22.03000,55.82501,OK
2023-09-03,7.84737,42.04829,34.20092,6,4,24,0,7.22692,48.85602,OK
2023-09-04,1.95095,44.46745,42.51650,6,4,24,4,-0.79131,52.26869,OK
2023-09-05,9.55453,53.42461,43.87008,6,4,24,0,2.82809,62.70909,OK
2023-09-06,18.23155,58.19900,39.96745,6,4,24,0,10.91036,69.01753,OK
2023-09-07,26.55642,67.16402,40.60759,6,4,24,0,21.21000,81.00000,OK
2023-09-08,35.65023,88.64199,52.99176,6,4,24,0,24.11271,109.63130,OK
2023-09-09,35.72105,91.84834,56.12729,6,4,24,0,19.14746,123.31314,OK
2023-09-10,46.76740,92.65549,45.88808,6,4,24,0,37.76523,109.01284,OK
2023-09-11,51.57612,93.03637,41.46024,6,4,24,0,39.71330,106.63906,OK
2023-09-12,35.24594,72.11329,36.86734,6,4,24,0,30.18609,85.00000,OK
2023-09-13,16.23373,65.15366,48.91993,6,4,24,0,10.28254,75.13737,OK
2023-09-14,20.39307,74.72480,54.33173,6,4,24,0,14.55965,82.84438,OK
2023-09-15,22.16931,76.86469,54.69538,6,4,24,0,16.55225,83.43363,OK
2023-09-16,15.93411,63.08821,47.15411,6,4,24,0,10.37669,70.00000,OK
2023-09-17,11.84216,56.84575,45.00359,6,4,24,0,8.17642,62.93389,OK
2023-09-18,7.96746,57.88401,49.91655,6,4,24,0,6.38348,66.75893,OK
2023-09-19,14.22179,59.42347,45.20168,6,4,24,0,12.50000,68.57397,OK
2023-09-20,8.72436,51.94429,43.21993,6,4,24,0,5.97000,60.64000,OK
2023-09-21,0.93669,52.71247,51.77578,6,4,24,3,-2.94000,62.06474,OK
2023-09-22,31.09558,57.42380,26.32821,6,4,24,0,29.18687,61.66937,OK
2023-09-23,-2.06502,47.99809,50.06311,6,4,24,5,-3.85374,54.94882,OK
2023-09-24,0.64705,54.92750,54.28045,6,4,24,5,-3.63307,64.41919,OK
2023-09-25,15.36198,62.55883,47.19685,6,4,24,0,10.51859,72.67356,OK
2023-09-26,12.19317,70.10476,57.91159,6,4,24,0,5.00000,82.88328,OK
2023-09-27,16.99595,59.29281,42.29687,6,4,24,0,10.24000,67.21995,OK
2023-09-28,14.13301,52.88685,38.75384,6,4,24,0,10.73690,60.00000,OK
2023-09-29,5.62243,48.16956,42.54713,6,4,24,0,4.25098,53.55487,OK
2023-09-30,10.24465,43.73674,33.49209,6,4,24,0,8.71248,46.89349,OK
2023-10-01,-3.04714,45.22456,48.27170,6,4,24,6,-4.81421,48.50531,OK
2023-10-02,13.12256,53.81211,40.68954,6,4,24,0,12.05459,57.30215,OK
2023-10-03,20.62926,74.11113,53.48187,6,4,24,0,16.22048,82.49170,OK
2023-10-04,21.64425,86.71611,65.07186,6,4,24,0,14.00237,98.04132,OK
2023-10-05,30.39114,113.01392,82.62278,6,4,24,0,24.66000,144.93890,OK
2023-10-06,33.79362,130.56541,96.77178,6,4,24,0,25.50000,180.69530,OK
2023-10-07,29.30472,111.71097,82.40625,6,4,24,0,21.13209,160.51804,OK
2023-10-08,33.17781,99.21560,66.03780,6,4,24,0,24.59876,131.69885,OK
2023-10-09,28.28548,80.26371,51.97823,6,4,24,0,21.10000,91.81000,OK
2023-10-10,14.93842,70.08228,55.14386,6,4,24,0,12.42831,76.96021,OK
2023-10-11,5.82666,70.75915,64.93249,6,4,24,0,3.66609,81.52299,OK
2023-10-12,16.67264,85.42076,68.74812,6,4,24,0,10.24676,102.88292,OK
2023-10-13,33.28056,94.81261,61.53205,6,4,24,0,29.15479,111.85637,OK
2023-10-14,11.75183,81.47894,69.72711,6,4,24,0,1.70568,94.50920,OK
2023-10-15,13.23707,114.33727,101.10020,6,4,24,1,-0.15426,126.95590,OK
2023-10-16,31.39679,135.21390,103.81711,6,4,24,0,19.15545,161.55086,OK
2023-10-17,33.49532,133.04598,99.55066,6,4,24,0,23.97759,162.23566,OK
2023-10-18,39.33820,164.74301,125.40481,6,4,24,0,26.70935,220.22000,OK
2023-10-19,60.41362,220.92668,160.51307,6,4,24,0,43.94953,326.73047,OK
2023-10-20,56.39330,157.07044,100.67714,6,4,24,0,42.59548,208.38990,OK
2023-10-21,29.71998,80.41967,50.69969,6,4,24,0,26.09584,91.91410,OK
2023-10-22,4.46794,67.31360,62.84566,6,4,24,0,1.59944,75.60992,OK
2023-10-23,18.44135,70.04833,51.60699,6,4,24,0,15.00000,73.52249,OK
2023-10-24,22.22587,81.15102,58.92515,6,4,24,0,20.18064,87.66744,OK
2023-10-25,21.75392,71.90361,50.14969,6,4,24,0,20.18678,74.26970,OK
2023-10-26,12.57087,77.44406,64.87319,6,4,24,0,10.30698,82.51790,OK
2023-10-27,19.55849,71.39482,51.83634,6,4,24,0,16.78078,73.89200,OK
2023-10-28,-3.75085,71.93895,75.68980,6,4,24,7,-4.57305,74.60468,OK
2023-10-29,-10.29627,74.13241,84.42869,6,4,24,7,-11.50000,76.71159,OK
2023-10-30,17.36505,85.18955,67.82451,6,4,24,0,14.60000,91.12562,OK
2023-10-31,23.25801,88.49224,65.23422,6,4,24,0,19.56000,94.00000,OK
2023-11-01,24.25055,96.34530,72.09475,6,4,24,0,20.24227,102.35845,OK
2023-11-02,20.93913,94.53278,73.59365,6,4,24,0,14.00092,95.00000,OK
2023-11-03,25.92480,87.59891,61.67411,6,4,24,0,16.95842,91.85257,OK
2023-11-04,23.14332,73.88062,50.73730,6,4,24,0,18.77300,75.06088,OK
2023-11-05,12.69615,71.42764,58.73149,6,4,25,0,2.41038,78.64344,OK
2023-11-06,26.09205,86.00754,59.91550,6,4,24,0,10.66709,101.58383,OK
2023-11-07,8.00761,77.14787,69.14026,6,4,24,2,-0.06438,92.47620,OK
2023-11-08,10.57869,81.34350,70.76480,6,4,24,0,3.41427,92.93398,OK
2023-11-09,17.91939,87.70666,69.78727,6,4,24,0,8.00000,105.78766,OK
2023-11-10,28.63773,73.19578,44.55805,6,4,24,0,20.57210,80.39520,OK
2023-11-11,14.46552,66.24602,51.78050,6,4,24,0,3.40765,71.52828,OK
2023-11-12,14.16910,68.41082,54.24172,6,4,24,0,1.69600,72.14254,OK
2023-11-13,40.89756,78.38653,37.48896,6,4,24,0,34.98793,85.28284,OK
2023-11-14,40.30385,82.15206,41.84820,6,4,24,0,31.27026,86.22145,OK
2023-11-15,64.57155,85.41366,20.84211,6,4,24,0,59.85730,90.37634,OK
2023-11-16,53.37605,86.73840,33.36235,6,4,24,0,48.94000,89.99438,OK
2023-11-17,48.01528,84.60827,36.59299,6,4,24,0,38.75650,90.54736,OK
2023-11-18,32.23648,63.01122,30.77474,6,4,24,0,24.76754,65.52429,OK
2023-11-19,-5.30925,59.91481,65.22406,6,4,24,6,-12.19845,60.98488,OK
2023-11-20,13.73995,73.87370,60.13375,6,4,24,0,4.65686,75.40710,OK
2023-11-21,29.25697,76.77610,47.51913,6,4,24,0,14.74119,80.87258,OK
2023-11-22,23.32462,69.99619,46.67157,6,4,24,0,11.71000,70.98049,OK
2023-11-23,3.72077,53.17565,49.45488,6,4,24,5,-3.88000,53.71748,OK
2023-11-24,9.75836,56.41039,46.65202,6,4,24,0,1.51208,57.30634,OK
2023-11-25,6.13428,57.11895,50.98467,6,4,24,2,-2.48473,57.35423,OK
2023-11-26,31.22513,61.55186,30.32674,6,4,24,0,23.06792,61.80041,OK
2023-11-27,30.82516,70.88987,40.06471,6,4,24,0,22.28015,73.00247,OK
2023-11-28,33.22781,83.17933,49.95152,6,4,24,0,24.56267,85.68089,OK
2023-11-29,44.10504,82.87249,38.76745,6,4,24,0,36.85503,85.19169,OK
2023-11-30,52.31808,82.70795,30.38986,6,4,24,0,47.07456,84.27024,OK
2023-12-01,28.92476,71.84540,42.92064,6,4,24,0,21.50000,76.59966,OK
2023-12-02,14.72914,62.13444,47.40531,6,4,24,0,5.20238,62.74905,OK
2023-12-03,8.46781,62.15219,53.68438,6,4,24,5,-1.11404,62.82099,OK
2023-12-04,32.22673,79.59544,47.36871,6,4,24,0,25.39732,83.84951,OK
2023-12-05,18.41237,73.34673,54.93436,6,4,24,0,11.07527,78.22707,OK
2023-12-06,21.12921,62.98806,41.85885,6,4,24,0,11.68324,71.99497,OK
2023-12-07,9.08144,59.36866,50.28722,6,4,24,0,0.80000,63.60079,OK
2023-12-08,11.04118,63.38971,52.34852,6,4,24,0,1.80541,63.88759,OK
2023-12-09,7.24351,57.53187,50.28836,6,4,24,0,0.31137,58.50129,OK
2023-12-10,13.00295,60.04733,47.04438,6,4,24,0,5.00000,61.18154,OK
2023-12-11,45.90416,72.37816,26.47400,6,4,24,0,41.50567,73.81203,OK
2023-12-12,29.19302,67.04602,37.85300,6,4,24,0,24.97559,68.85497,OK
2023-12-13,30.52539,71.93979,41.41439,6,4,24,0,25.25000,73.92528,OK
2023-12-14,41.52331,72.24885,30.72554,6,4,24,0,36.98000,74.10271,OK
2023-12-15,40.68881,68.95408,28.26527,6,4,24,0,36.15270,72.25692,OK
2023-12-16,27.46555,59.27561,31.81006,6,4,24,0,20.75865,60.20712,OK
2023-12-17,32.25851,61.76345,29.50494,6,4,24,0,24.73000,61.92588,OK
2023-12-18,54.79788,68.95023,14.15235,6,4,24,0,51.19274,71.58896,OK
2023-12-19,43.43267,61.67095,18.23829,6,4,24,0,40.17856,62.60141,OK
2023-12-20,42.48813,61.70752,19.21940,6,4,24,0,39.58337,63.11267,OK
2023-12-21,42.08433,56.03131,13.94698,6,4,24,0,40.42960,58.16806,OK
2023-12-22,38.33850,46.71085,8.37236,6,4,24,0,36.59317,50.02473,OK
2023-12-23,6.98469,49.35384,42.36915,6,4,24,0,1.49202,49.51675,OK
2023-12-24,11.07006,49.68076,38.61070,6,4,24,0,4.80281,49.87474,OK
2023-12-25,13.09257,48.99712,35.90456,6,4,24,0,7.97104,49.58014,OK
2023-12-26,28.92455,53.38414,24.45959,6,4,24,0,23.82716,55.09868,OK
2023-12-27,33.51134,51.73875,18.22742,6,4,24,0,29.97000,54.13326,OK
2023-12-28,25.64822,54.47581,28.82759,6,4,24,0,20.00000,54.83677,OK
2023-12-29,35.65362,51.51701,15.86339,6,4,24,0,33.94738,53.55007,OK
2023-12-30,25.37162,45.09597,19.72435,6,4,24,0,19.76421,45.20633,OK
2023-12-31,35.00225,49.36276,14.36051,6,4,24,0,32.49056,50.33436,OK
2024-01-01,26.00627,50.91678,24.91050,6,4,24,0,22.36894,51.06365,OK
2024-01-02,27.79183,56.55927,28.76744,6,4,24,0,21.93541,57.75940,OK
2024-01-03,32.94684,55.68261,22.73577,6,4,24,0,27.03855,56.91617,OK
2024-01-04,19.01445,63.22054,44.20609,6,4,24,0,10.19000,63.26646,OK
2024-01-05,32.82897,75.79065,42.96168,6,4,24,0,23.58822,78.61273,OK
2024-01-06,20.64846,67.72552,47.07706,6,4,24,0,8.28867,69.05713,OK
2024-01-07,21.73437,75.57385,53.83949,6,4,24,0,12.65254,75.80503,OK
2024-01-08,37.83005,102.44233,64.61228,6,4,24,0,30.40925,106.16906,OK
2024-01-09,32.81379,74.09200,41.27821,6,4,24,0,20.90278,94.20499,OK
2024-01-10,34.78350,90.03378,55.25028,6,4,24,0,22.77562,90.86239,OK
2024-01-11,41.58666,104.42512,62.83846,6,4,24,0,33.04436,105.67868,OK
2024-01-12,31.25443,90.19834,58.94392,6,4,24,0,22.10000,98.46312,OK
2024-01-13,58.59386,188.70287,130.10901,6,4,24,0,42.95710,190.71477,OK
2024-01-14,48.41397,190.13714,141.72316,6,4,24,0,30.95774,191.72821,OK
2024-01-15,107.58528,248.39157,140.80630,6,4,24,0,94.77395,253.47485,OK
2024-01-16,76.41018,220.71720,144.30702,6,4,24,0,59.62190,224.42987,OK
2024-01-17,29.37530,79.33556,49.96026,6,4,24,0,19.45257,88.58116,OK
2024-01-18,17.62948,74.84605,57.21657,6,4,24,0,7.91388,76.59164,OK
2024-01-19,49.16700,72.38293,23.21592,6,4,24,0,43.36509,76.71030,OK
2024-01-20,40.01923,61.95869,21.93945,6,4,24,0,35.58504,62.56340,OK
2024-01-21,38.76232,58.70081,19.93849,6,4,24,0,36.51361,60.05050,OK
2024-01-22,62.41506,71.34470,8.92964,6,4,24,0,48.91815,76.16868,OK
2024-01-23,30.71417,63.79992,33.08575,6,4,24,0,22.02386,64.78124,OK
2024-01-24,42.81654,66.91068,24.09414,6,4,24,0,38.72844,69.73944,OK
2024-01-25,24.16003,61.04036,36.88033,6,4,24,0,16.92441,61.36089,OK
2024-01-26,20.76170,64.54982,43.78812,6,4,24,0,15.04863,69.18022,OK
2024-01-27,7.65909,57.03483,49.37574,6,4,24,0,2.19051,57.42187,OK
2024-01-28,11.60139,54.14197,42.54058,6,4,24,0,3.15101,54.77045,OK
2024-01-29,17.63044,61.31085,43.68041,6,4,24,0,10.38749,61.69956,OK
2024-01-30,9.89790,53.81914,43.92124,6,4,24,0,4.04212,55.78974,OK
2024-01-31,27.67697,48.05286,20.37588,6,4,24,0,25.00000,49.18929,OK
2024-02-01,40.36982,53.06446,12.69465,6,4,24,0,36.67200,54.30357,OK
2024-02-02,14.97560,49.09478,34.11918,6,4,24,0,10.02759,51.83000,OK
2024-02-03,3.30069,47.16083,43.86015,6,4,24,2,-0.58803,47.80352,OK
2024-02-04,28.30872,51.50153,23.19281,6,4,24,0,24.30752,51.63381,OK
2024-02-05,45.37894,60.84220,15.46326,6,4,24,0,42.95170,63.35677,OK
2024-02-06,42.92200,51.47885,8.55684,6,4,24,0,41.47904,55.45177,OK
2024-02-07,16.36360,51.53516,35.17156,6,4,24,0,8.08991,53.67912,OK
2024-02-08,0.50703,57.48510,56.97807,6,4,24,3,-1.45231,58.16931,OK
2024-02-09,7.14544,58.94846,51.80301,6,4,24,0,3.92823,67.56408,OK
2024-02-10,-9.58679,57.68225,67.26903,6,4,24,7,-12.33515,57.90088,OK
2024-02-11,-17.38564,53.23970,70.62534,6,4,24,8,-18.43038,53.41296,OK
2024-02-12,1.66423,63.95587,62.29163,6,4,24,3,-0.37404,64.29410,OK
2024-02-13,3.09250,57.54604,54.45354,6,4,24,1,-0.15410,62.34666,OK
2024-02-14,-3.28218,58.47915,61.76133,6,4,24,6,-7.01801,59.39912,OK
2024-02-15,-10.82536,51.13824,61.96360,6,4,24,7,-12.99763,57.98158,OK
2024-02-16,0.85572,52.24851,51.39279,6,4,24,5,-3.43100,54.56116,OK
2024-02-17,-7.48148,47.16647,54.64795,6,4,24,7,-9.99789,50.14001,OK
2024-02-18,-16.06873,52.80210,68.87083,6,4,24,8,-19.00000,52.97410,OK
2024-02-19,32.11967,56.53880,24.41913,6,4,24,0,30.81513,57.10472,OK
2024-02-20,34.80380,58.19311,23.38931,6,4,24,0,32.27059,60.05779,OK
2024-02-21,-2.40226,49.71345,52.11571,6,4,24,5,-4.37229,54.74684,OK
2024-02-22,-6.06025,59.57787,65.63811,6,4,24,5,-8.44353,63.32500,OK
2024-02-23,1.89667,52.32481,50.42814,6,4,24,3,-1.96832,53.90990,OK
2024-02-24,-1.69422,44.69098,46.38521,6,4,24,4,-6.39599,45.06097,OK
2024-02-25,-5.30081,41.10428,46.40509,6,4,24,5,-10.70985,41.70340,OK
2024-02-26,21.18732,43.98810,22.80078,6,4,24,0,17.83393,44.88835,OK
2024-02-27,-29.83500,36.82239,66.65739,6,4,24,8,-31.01000,47.21957,OK
2024-02-28,-19.10574,44.80479,63.91053,6,4,24,8,-20.90515,46.47807,OK
2024-02-29,-20.22201,43.29126,63.51327,6,4,24,8,-23.15069,44.44384,OK
2024-03-01,-13.30371,44.58083,57.88454,6,4,24,8,-15.30466,46.84567,OK
2024-03-02,-7.43877,42.41766,49.85644,6,4,24,8,-11.57886,44.38631,OK
2024-03-03,-42.44643,42.62877,85.07520,6,4,24,10,-45.00000,45.74832,OK
2024-03-04,-31.29298,53.16750,84.46048,6,4,24,8,-34.71276,55.68506,OK
2024-03-05,-24.51576,54.64558,79.16134,6,4,24,8,-26.74051,57.27168,OK
2024-03-06,-1.57977,51.33304,52.91281,6,4,24,6,-6.94403,57.37887,OK
2024-03-07,-27.12393,45.14397,72.26790,6,4,24,9,-29.93232,48.31432,OK
2024-03-08,-34.47051,53.46157,87.93208,6,4,24,9,-36.45356,56.99393,OK
2024-03-09,-32.61044,46.70212,79.31256,6,4,24,8,-34.71607,47.48197,OK
2024-03-10,-20.15770,38.10866,58.26636,6,4,23,8,-22.62124,46.28904,OK
2024-03-11,-30.05805,34.93011,64.98816,6,4,24,8,-34.56796,55.32025,OK
2024-03-12,-17.37990,36.39294,53.77285,6,4,24,7,-22.46479,46.06337,OK
2024-03-13,-34.76209,28.53474,63.29682,6,4,24,9,-40.00000,42.25293,OK
2024-03-14,-31.15736,35.71021,66.86758,6,4,24,8,-33.93154,48.99087,OK
2024-03-15,3.46444,44.10039,40.63595,6,4,24,1,-0.18727,50.13720,OK
2024-03-16,-14.27268,41.30700,55.57967,6,4,24,7,-16.45177,49.02957,OK
2024-03-17,-44.53954,38.85009,83.38963,6,4,24,8,-46.98489,47.05239,OK
2024-03-18,-9.68260,52.10634,61.78894,6,4,24,7,-12.44790,65.00000,OK
2024-03-19,-17.69748,39.08688,56.78435,6,4,24,8,-19.22544,49.54138,OK
2024-03-20,-35.19272,29.81360,65.00632,6,4,24,9,-37.69943,42.83269,OK
2024-03-21,-44.10274,30.49252,74.59526,6,4,24,9,-47.49792,46.55264,OK
2024-03-22,-15.61098,36.79943,52.41040,6,4,24,7,-20.06257,48.81326,OK
2024-03-23,-13.14132,23.88954,37.03087,6,4,24,7,-19.73096,32.49156,OK
2024-03-24,-29.80638,22.06668,51.87306,6,4,24,9,-34.60109,30.14853,OK
2024-03-25,-41.86652,27.52655,69.39307,6,4,24,9,-44.14075,50.78075,OK
2024-03-26,-43.93249,22.28361,66.21610,6,4,24,10,-45.33437,38.00121,OK
2024-03-27,-26.61635,37.78061,64.39696,6,4,24,8,-28.43888,50.00000,OK
2024-03-28,-35.23040,32.90770,68.13810,6,4,24,8,-36.18327,45.29712,OK
2024-03-29,-36.40695,36.93527,73.34221,6,4,24,8,-38.39816,45.21965,OK
2024-03-30,-1.56307,38.93052,40.49358,6,4,24,4,-5.25285,41.47336,OK
2024-03-31,-20.13155,36.03580,56.16735,6,4,24,8,-23.27079,39.08700,OK
2024-04-01,-28.76171,29.74507,58.50678,6,4,24,9,-31.95426,53.49496,OK
2024-04-02,-41.59030,33.21164,74.80194,6,4,24,9,-43.85794,52.49425,OK
2024-04-03,-44.51517,32.52692,77.04209,6,4,24,10,-45.63220,51.78560,OK
2024-04-04,-34.50739,32.80194,67.30933,6,4,24,9,-37.35912,44.60103,OK
2024-04-05,-31.86238,29.99280,61.85518,6,4,24,9,-35.16058,47.57232,OK
2024-04-06,-65.24014,15.39402,80.63416,6,4,24,10,-65.64873,37.51860,OK
2024-04-07,-66.40301,17.56512,83.96813,6,4,24,10,-67.08214,43.49572,OK
2024-04-08,-18.90607,33.46551,52.37159,6,4,24,10,-28.00432,55.10208,OK
2024-04-09,-38.62367,34.18641,72.81008,6,4,24,10,-39.29009,52.05572,OK
2024-04-10,-30.56195,39.52438,70.08633,6,4,24,9,-31.17334,57.33418,OK
2024-04-11,-20.90410,42.61075,63.51486,6,4,24,9,-23.43371,54.46501,OK
2024-04-12,-29.83186,31.21470,61.04656,6,4,24,10,-30.42889,46.60594,OK
2024-04-13,-12.02106,40.66163,52.68268,6,4,24,7,-12.68907,46.53871,OK
2024-04-14,-20.85198,27.83258,48.68456,6,4,24,9,-22.69402,37.15098,OK
2024-04-15,-32.75372,33.20624,65.95996,6,4,24,10,-35.67709,48.56913,OK
2024-04-16,-29.89132,33.88549,63.77681,6,4,24,9,-31.17304,49.91179,OK
2024-04-17,-29.29945,37.27283,66.57228,6,4,24,9,-31.83505,49.91930,OK
2024-04-18,-7.91789,38.15162,46.06951,6,4,24,7,-15.88822,53.27138,OK
2024-04-19,-30.61256,29.41853,60.03108,6,4,24,10,-33.21000,42.95482,OK
2024-04-20,-45.79013,22.88296,68.67309,6,4,24,11,-56.04924,33.30866,OK
2024-04-21,-25.65759,33.55132,59.20891,6,4,24,9,-33.33000,44.76885,OK
2024-04-22,-9.46683,41.87246,51.33928,6,4,24,9,-18.12376,56.31895,OK
2024-04-23,-20.90527,32.93873,53.84400,6,4,24,10,-21.67675,48.92862,OK
2024-04-24,-27.69847,30.09812,57.79659,6,4,24,10,-29.80639,45.42619,OK
2024-04-25,-27.84913,27.62300,55.47213,6,4,24,10,-32.36004,44.49374,OK
2024-04-26,-14.80296,24.66050,39.46346,6,4,24,9,-15.64433,35.68034,OK
2024-04-27,-47.88899,13.52271,61.41170,6,4,24,11,-49.48664,29.63604,OK
2024-04-28,-37.42410,15.70369,53.12778,6,4,24,11,-41.23307,30.36913,OK
2024-04-29,-17.84358,30.27757,48.12114,6,4,24,10,-19.51520,44.66770,OK
2024-04-30,-13.95396,33.22892,47.18287,6,4,24,10,-15.91426,50.58836,OK
2024-05-01,-21.89469,31.79216,53.68684,6,4,24,10,-23.91884,47.33489,OK
2024-05-02,-9.51427,32.97866,42.49294,6,4,24,9,-11.06056,45.99376,OK
2024-05-03,-5.24451,30.76451,36.00902,6,4,24,9,-8.31224,45.00303,OK
2024-05-04,-0.92519,32.61192,33.53711,6,4,24,8,-2.68780,35.92802,OK
2024-05-05,-29.50189,14.81052,44.31241,6,4,24,11,-31.03389,31.25924,OK
2024-05-06,-12.85907,24.12984,36.98891,6,4,24,10,-15.74201,37.97447,OK
2024-05-07,-25.06290,21.06436,46.12726,6,4,24,10,-26.06799,37.55664,OK
2024-05-08,-16.10015,33.04744,49.14758,6,4,24,10,-16.79268,50.09405,OK
2024-05-09,-13.14503,36.44028,49.58531,6,4,24,9,-15.10352,51.02064,OK
2024-05-10,-11.23031,42.31162,53.54193,6,4,24,9,-12.58886,53.55008,OK
2024-05-11,-21.71636,30.74101,52.45737,6,4,24,9,-22.31267,43.95257,OK
2024-05-12,-22.59398,31.69456,54.28853,6,4,24,10,-24.67000,46.00100,OK
2024-05-13,-1.25395,42.18642,43.44038,6,4,24,7,-7.65687,52.24772,OK
2024-05-14,-1.26195,39.02268,40.28462,6,4,24,8,-2.18669,49.54642,OK
2024-05-15,-1.70216,37.22346,38.92563,6,4,24,6,-3.15771,48.24901,OK
2024-05-16,-15.29527,27.09467,42.38993,6,4,24,10,-18.35878,41.18516,OK
2024-05-17,-15.00024,25.96805,40.96829,6,4,24,10,-17.30707,40.49041,OK
2024-05-18,-30.44087,18.06419,48.50506,6,4,24,11,-31.63301,32.78792,OK
2024-05-19,-45.62210,11.86567,57.48777,6,4,24,11,-50.52601,29.79889,OK
2024-05-20,-24.40407,18.04320,42.44726,6,4,24,10,-26.17918,34.29904,OK
2024-05-21,-18.20423,25.61103,43.81525,6,4,24,11,-19.34744,41.35005,OK
2024-05-22,-22.91763,20.61937,43.53700,6,4,24,11,-25.33417,37.54000,OK
2024-05-23,-26.27170,17.32233,43.59403,6,4,24,11,-27.53536,35.89862,OK
2024-05-24,-24.76139,12.30048,37.06187,6,4,24,11,-26.29494,28.53735,OK
2024-05-25,-46.16328,4.85086,51.01414,6,4,24,11,-47.71841,23.97745,OK
2024-05-26,-38.55522,14.38295,52.93817,6,4,24,11,-39.48465,34.99441,OK
2024-05-27,-31.21552,27.00489,58.22040,6,4,24,11,-32.51364,44.99184,OK
2024-05-28,-17.58663,27.76609,45.35272,6,4,24,11,-19.90224,46.93630,OK
2024-05-29,-17.18672,26.10196,43.28867,6,4,24,11,-17.95535,45.12951,OK
2024-05-30,-1.12833,35.85802,36.98635,6,4,24,7,-3.06456,49.23535,OK
2024-05-31,-1.62826,29.83020,31.45847,6,4,24,6,-4.99590,43.90423,OK
2024-06-01,-24.18354,15.51779,39.70132,6,4,24,11,-25.64134,36.75299,OK
2024-06-02,-37.15945,23.59459,60.75404,6,4,24,11,-38.54578,44.67000,OK
2024-06-03,-12.04328,33.45983,45.50311,6,4,24,9,-16.86902,46.38470,OK
2024-06-04,-4.61793,36.94772,41.56566,6,4,24,5,-11.02000,50.79344,OK
2024-06-05,-0.27068,36.24344,36.51412,6,4,24,4,-21.44707,56.59647,OK
2024-06-06,10.35203,41.73973,31.38770,6,4,24,0,8.85099,52.35010,OK
2024-06-07,7.64319,37.06569,29.42249,6,4,24,0,5.27791,44.97433,OK
2024-06-08,-7.35694,28.67182,36.02877,6,4,24,10,-9.02863,39.77070,OK
2024-06-09,-17.59845,25.50695,43.10540,6,4,24,10,-20.18197,39.19600,OK
2024-06-10,4.39056,37.59177,33.20121,6,4,24,0,1.00119,49.02382,OK
2024-06-11,8.55960,39.25151,30.69191,6,4,24,0,6.40832,50.63468,OK
2024-06-12,10.33462,45.66922,35.33460,6,4,24,0,7.81392,56.07140,OK
2024-06-13,13.68366,37.77655,24.09289,6,4,24,0,12.09298,49.27254,OK
2024-06-14,5.71041,38.09380,32.38339,6,4,24,0,3.47528,49.73234,OK
2024-06-15,-9.03857,35.75523,44.79380,6,4,24,9,-13.27085,48.40255,OK
2024-06-16,-23.99135,27.25671,51.24807,6,4,24,10,-29.16417,44.20231,OK
2024-06-17,-9.32428,30.12023,39.44451,6,4,24,10,-13.98122,43.58757,OK
2024-06-18,4.61004,36.95123,32.34118,6,4,24,0,2.52679,49.39597,OK
2024-06-19,-2.76793,34.10406,36.87199,6,4,24,8,-5.10410,47.41152,OK
2024-06-20,4.00752,36.21230,32.20478,6,4,24,0,1.70786,50.00000,OK
2024-06-21,16.56705,48.37819,31.81114,6,4,24,0,13.08183,57.72572,OK
2024-06-22,22.13779,62.45730,40.31950,6,4,24,0,14.21674,73.88186,OK
2024-06-23,23.06433,52.97481,29.91048,6,4,24,0,15.65718,61.23697,OK
2024-06-24,29.92066,60.60204,30.68138,6,4,24,0,26.88680,71.14194,OK
2024-06-25,35.18599,65.28493,30.09894,6,4,24,0,32.41861,75.68181,OK
2024-06-26,28.66826,55.16131,26.49305,6,4,24,0,24.64458,65.36553,OK
2024-06-27,23.13534,51.56753,28.43219,6,4,24,0,20.00000,64.62693,OK
2024-06-28,20.80885,50.19811,29.38926,6,4,24,0,18.66594,60.39965,OK
2024-06-29,17.96595,50.35750,32.39155,6,4,24,0,15.05322,61.49494,OK
2024-06-30,14.49503,53.07234,38.57731,6,4,24,0,9.99309,62.89575,OK
2024-07-01,27.84727,56.51055,28.66328,6,4,24,0,21.79941,69.81833,OK
2024-07-02,26.87861,59.64422,32.76561,6,4,24,0,24.70274,81.80214,OK
2024-07-03,24.78248,63.14322,38.36074,6,4,24,0,17.73433,105.25000,OK
2024-07-04,23.99522,41.53796,17.54274,6,4,24,0,19.37319,60.68966,OK
2024-07-05,37.43042,97.10047,59.67005,6,4,24,0,30.01974,159.13197,OK
2024-07-06,28.87484,70.37846,41.50362,6,4,24,0,24.27255,91.50679,OK
2024-07-07,21.44458,49.61703,28.17245,6,4,24,0,15.53790,59.55721,OK
2024-07-08,36.17531,91.37525,55.19994,6,4,24,0,31.21631,132.72900,OK
2024-07-09,40.94772,142.71965,101.77193,6,4,24,0,32.82688,245.76952,OK
2024-07-10,45.85841,236.69072,190.83230,6,4,24,0,36.98819,411.11000,OK
2024-07-11,37.00659,257.14215,220.13555,6,4,24,0,34.00086,531.79360,OK
2024-07-12,43.76108,115.46785,71.70676,6,4,24,0,36.89288,208.64835,OK
2024-07-13,31.99357,56.57840,24.58483,6,4,24,0,29.02709,71.94000,OK
2024-07-14,26.48509,49.42332,22.93822,6,4,24,0,21.95179,63.38612,OK
2024-07-15,31.75975,54.19441,22.43465,6,4,24,0,29.22000,69.36263,OK
2024-07-16,35.15350,60.60443,25.45092,6,4,24,0,31.23653,75.57987,OK
2024-07-17,32.02119,62.46415,30.44296,6,4,24,0,27.37280,74.96634,OK
2024-07-18,37.58944,69.78172,32.19227,6,4,24,0,31.21396,88.10418,OK
2024-07-19,42.54591,99.90649,57.36058,6,4,24,0,32.46081,170.26369,OK
2024-07-20,36.23404,76.13425,39.90021,6,4,24,0,28.02000,107.54863,OK
2024-07-21,30.47565,62.90570,32.43005,6,4,24,0,23.90687,79.72070,OK
2024-07-22,36.33901,82.89938,46.56037,6,4,24,0,30.44492,141.07306,OK
2024-07-23,45.45912,144.68561,99.22649,6,4,24,0,37.03567,275.81590,OK
2024-07-24,45.82932,108.31619,62.48687,6,4,24,0,36.06132,205.39531,OK
2024-07-25,42.97883,125.38092,82.40209,6,4,24,0,35.61932,224.30031,OK
2024-07-26,37.37864,78.45883,41.08020,6,4,24,0,33.23952,126.28634,OK
2024-07-27,20.78132,52.14218,31.36087,6,4,24,0,16.67018,61.52838,OK
2024-07-28,9.51182,49.59582,40.08400,6,4,24,0,5.81535,59.98834,OK
2024-07-29,25.06934,52.72625,27.65691,6,4,24,0,21.14000,63.89927,OK
2024-07-30,19.98090,47.72378,27.74288,6,4,24,0,14.66632,58.35153,OK
2024-07-31,28.42243,66.87576,38.45333,6,4,24,0,24.52338,89.85147,OK
2024-08-01,44.74784,104.77043,60.02259,6,4,24,0,34.85835,164.82358,OK
2024-08-02,47.04979,132.48776,85.43797,6,4,24,0,40.01653,213.33945,OK
2024-08-03,39.29052,123.47575,84.18523,6,4,24,0,31.59119,227.31955,OK
2024-08-04,38.22791,104.94199,66.71408,6,4,24,0,26.81341,175.55775,OK
2024-08-05,54.55697,244.24243,189.68546,6,4,24,0,38.65188,419.79523,OK
2024-08-06,45.66186,174.66710,129.00525,6,4,24,0,38.35354,311.96536,OK
2024-08-07,37.23851,73.89750,36.65900,6,4,24,0,33.69343,109.89438,OK
2024-08-08,30.33111,58.20538,27.87428,6,4,24,0,26.56886,67.76573,OK
2024-08-09,30.28074,55.52366,25.24291,6,4,24,0,27.50549,67.61450,OK
2024-08-10,28.85123,47.29411,18.44288,6,4,24,0,21.00462,57.00099,OK
2024-08-11,21.46064,46.67110,25.21046,6,4,24,0,14.71093,56.70722,OK
2024-08-12,27.08617,49.70227,22.61610,6,4,24,0,21.49918,58.13921,OK
2024-08-13,20.59895,47.26918,26.67023,6,4,24,0,16.27386,56.29103,OK
2024-08-14,21.96139,47.59374,25.63235,6,4,24,0,18.38910,53.64452,OK
2024-08-15,20.90678,49.20998,28.30319,6,4,24,0,12.97856,58.56098,OK
2024-08-16,25.64844,53.71913,28.07069,6,4,24,0,16.02496,60.31467,OK
2024-08-17,17.77142,42.78597,25.01455,6,4,24,0,14.88931,50.07630,OK
2024-08-18,17.77426,47.11174,29.33748,6,4,24,0,12.32281,55.49269,OK
2024-08-19,28.00249,57.96184,29.95935,6,4,24,0,20.71648,73.00000,OK
2024-08-20,28.82691,61.06622,32.23931,6,4,24,0,22.91575,82.50807,OK
2024-08-21,27.96693,52.83812,24.87119,6,4,24,0,22.33472,62.23000,OK
2024-08-22,21.20757,45.98165,24.77408,6,4,24,0,17.33507,52.74046,OK
2024-08-23,10.77229,34.43094,23.65865,6,4,24,0,9.56039,37.94515,OK
2024-08-24,-6.41433,25.72778,32.14211,6,4,24,9,-7.82116,30.95280,OK
2024-08-25,-3.83810,34.46393,38.30203,6,4,24,7,-8.06700,39.17820,OK
2024-08-26,18.57415,50.03446,31.46031,6,4,24,0,11.48972,62.50827,OK
2024-08-27,18.86900,53.08893,34.21993,6,4,24,0,15.09572,68.88000,OK
2024-08-28,18.28758,47.07632,28.78875,6,4,24,0,13.99346,53.89804,OK
2024-08-29,16.90623,45.42565,28.51942,6,4,24,0,13.92852,51.26611,OK
2024-08-30,17.12420,42.23047,25.10627,6,4,24,0,14.23203,46.81059,OK
2024-08-31,17.80634,44.98412,27.17778,6,4,24,0,14.38447,48.21655,OK
2024-09-01,13.74735,45.66643,31.91908,6,4,24,0,8.77829,50.19855,OK
2024-09-02,19.78777,49.87382,30.08605,6,4,24,0,12.44302,55.88000,OK
2024-09-03,27.67184,70.06321,42.39137,6,4,24,0,22.01202,91.11037,OK
2024-09-04,36.62308,173.38466,136.76158,6,4,24,0,28.53621,283.15298,OK
2024-09-05,48.17178,425.98369,377.81191,6,4,24,0,34.85539,614.42070,OK
2024-09-06,45.39336,209.08758,163.69422,6,4,24,0,32.53965,309.73486,OK
2024-09-07,35.35964,70.04709,34.68746,6,4,24,0,27.84713,85.72256,OK
2024-09-08,33.98806,62.43039,28.44233,6,4,24,0,28.17599,73.83907,OK
2024-09-09,37.96534,89.94944,51.98410,6,4,24,0,31.85848,110.00000,OK
2024-09-10,28.86502,58.42966,29.56464,6,4,24,0,25.13582,68.59076,OK
2024-09-11,7.07913,38.59272,31.51359,6,4,24,0,3.70926,43.84487,OK
2024-09-12,1.28074,36.27788,34.99713,6,4,24,3,-4.91341,41.72795,OK
2024-09-13,12.72002,39.53109,26.81107,6,4,24,0,10.82442,41.28518,OK
2024-09-14,4.50859,38.05853,33.54994,6,4,24,0,2.63904,40.53988,OK
2024-09-15,-3.41512,34.63599,38.05111,6,4,24,9,-4.59951,38.27829,OK
2024-09-16,2.71237,32.59208,29.87971,6,4,24,0,1.88133,37.85734,OK
2024-09-17,-3.97574,32.18691,36.16265,6,4,24,9,-4.57797,35.92000,OK
2024-09-18,0.02600,38.18660,38.16060,6,4,24,3,-1.28381,40.39973,OK
2024-09-19,-0.84756,38.58613,39.43370,6,4,24,4,-3.31595,40.26056,OK
2024-09-20,10.13352,38.47190,28.33839,6,4,24,0,8.44074,40.91940,OK
2024-09-21,-2.43338,38.40622,40.83960,6,4,24,8,-3.52476,41.56784,OK
2024-09-22,3.50183,50.54579,47.04396,6,4,24,3,-0.56886,58.44720,OK
2024-09-23,23.85337,57.43212,33.57876,6,4,24,0,19.81773,67.50800,OK
2024-09-24,20.97753,55.61552,34.63799,6,4,24,0,17.70738,69.29494,OK
2024-09-25,17.03670,46.30489,29.26819,6,4,24,0,15.99630,51.38589,OK
2024-09-26,18.05280,49.97400,31.92120,6,4,24,0,16.23488,59.24145,OK
2024-09-27,21.70382,53.62071,31.91690,6,4,24,0,19.03446,61.56805,OK
2024-09-28,14.68501,47.23842,32.55340,6,4,24,0,10.08213,54.86811,OK
2024-09-29,2.95932,48.37904,45.41972,6,4,24,3,-1.30779,53.76190,OK
2024-09-30,24.29587,60.79365,36.49778,6,4,24,0,22.36719,74.06304,OK
2024-10-01,28.88706,87.39546,58.50840,6,4,24,0,20.53180,139.38597,OK
2024-10-02,32.10859,99.31765,67.20906,6,4,24,0,22.89410,157.97810,OK
2024-10-03,35.85435,71.04215,35.18780,6,4,24,0,32.79312,93.41884,OK
2024-10-04,30.41550,56.36600,25.95050,6,4,24,0,25.23069,63.26884,OK
2024-10-05,29.07901,66.62648,37.54746,6,4,24,0,24.79563,83.08712,OK
2024-10-06,30.48104,85.68766,55.20662,6,4,24,0,23.86286,128.63475,OK
2024-10-07,41.45099,106.16291,64.71192,6,4,24,0,38.50650,155.75792,OK
2024-10-08,32.45059,73.88183,41.43124,6,4,24,0,26.69108,98.75172,OK
2024-10-09,30.07559,78.46472,48.38913,6,4,24,0,26.49190,102.44488,OK
2024-10-10,32.45732,72.34577,39.88845,6,4,24,0,29.26848,81.83172,OK
2024-10-11,28.33652,56.98110,28.64458,6,4,24,0,20.73118,60.26487,OK
2024-10-12,1.55995,45.34560,43.78565,6,4,24,1,-0.01781,45.87099,OK
2024-10-13,-5.13433,45.46452,50.59885,6,4,24,8,-6.76915,47.75469,OK
2024-10-14,10.46734,47.23015,36.76282,6,4,24,0,8.67114,48.50551,OK
2024-10-15,14.21592,50.88721,36.67129,6,4,24,0,12.86840,53.72658,OK
2024-10-16,18.28205,43.95385,25.67180,6,4,24,0,17.24315,48.53802,OK
2024-10-17,10.08317,48.31936,38.23619,6,4,24,0,9.37227,50.04753,OK
2024-10-18,12.00112,44.63331,32.63219,6,4,24,0,10.77910,46.50422,OK
2024-10-19,-1.79032,42.86364,44.65396,6,4,24,5,-3.29407,43.48903,OK
2024-10-20,-0.39951,43.93251,44.33202,6,4,24,6,-2.38558,44.62405,OK
2024-10-21,6.72145,42.49818,35.77674,6,4,24,0,3.77791,43.69183,OK
2024-10-22,9.97133,48.60770,38.63637,6,4,24,0,7.61535,54.67745,OK
2024-10-23,14.93527,46.36082,31.42554,6,4,24,0,12.49501,51.00112,OK
2024-10-24,13.44838,53.06582,39.61744,6,4,24,0,9.47675,56.55256,OK
2024-10-25,14.91772,52.12312,37.20541,6,4,24,0,11.71788,55.01526,OK
2024-10-26,16.32727,51.95146,35.62418,6,4,24,0,12.34652,53.70139,OK
2024-10-27,9.18517,40.11406,30.92889,6,4,24,0,7.78002,40.90011,OK
2024-10-28,1.18442,39.39495,38.21053,6,4,24,0,0.30347,40.15185,OK
2024-10-29,1.07603,45.28388,44.20784,6,4,24,0,0.57101,52.05831,OK
2024-10-30,16.72275,55.14067,38.41792,6,4,24,0,15.00000,59.69945,OK
2024-10-31,-2.22812,43.41118,45.63930,6,4,24,5,-4.72918,49.21143,OK
2024-11-01,10.59982,45.96670,35.36688,6,4,24,0,9.23436,52.23234,OK
2024-11-02,1.90636,35.36350,33.45714,6,4,24,2,-0.72353,35.68240,OK
2024-11-03,-1.13106,36.53263,37.66369,6,4,25,7,-4.07715,36.80948,OK
2024-11-04,16.26708,48.87288,32.60580,6,4,24,0,11.81647,53.41562,OK
2024-11-05,11.78724,42.14141,30.35417,6,4,24,0,4.21219,46.26432,OK
2024-11-06,5.23893,46.43641,41.19748,6,4,24,1,-0.60725,48.74395,OK
2024-11-07,11.71342,55.45369,43.74027,6,4,24,0,5.16191,55.72845,OK
2024-11-08,8.80085,49.06164,40.26079,6,4,24,0,0.92285,54.38913,OK
2024-11-09,4.11049,46.75247,42.64198,6,4,24,7,-1.76720,47.28669,OK
2024-11-10,3.76246,47.42596,43.66350,6,4,24,7,-2.61246,47.73662,OK
2024-11-11,8.46112,39.36135,30.90023,6,4,24,0,3.17057,40.03687,OK
2024-11-12,6.78618,48.11102,41.32483,6,4,24,0,1.03812,50.44767,OK
2024-11-13,12.33780,56.47856,44.14076,6,4,24,0,5.44902,58.57874,OK
2024-11-14,8.72668,47.00388,38.27720,6,4,24,0,3.05174,50.11079,OK
2024-11-15,3.07474,47.33734,44.26261,6,4,24,2,-1.44442,48.15965,OK
2024-11-16,-0.35865,50.52268,50.88133,6,4,24,5,-10.21000,50.72376,OK
2024-11-17,0.18906,45.01931,44.83026,6,4,24,7,-5.19255,46.23017,OK
2024-11-18,-3.62129,42.35402,45.97530,6,4,24,7,-7.57842,44.45830,OK
2024-11-19,7.75726,61.05866,53.30140,6,4,24,1,-1.11521,65.27019,OK
2024-11-20,2.01334,53.88232,51.86899,6,4,24,6,-6.90797,55.72807,OK
2024-11-21,5.77002,61.82578,56.05576,6,4,24,4,-2.31491,65.04793,OK
2024-11-22,12.64349,59.36382,46.72033,6,4,24,0,3.28398,62.04033,OK
2024-11-23,12.30947,46.70994,34.40048,6,4,24,0,6.34849,47.25453,OK
2024-11-24,7.95147,54.17875,46.22728,6,4,24,0,0.94659,54.81465,OK
2024-11-25,42.32317,65.87557,23.55240,6,4,24,0,37.51145,66.35047,OK
2024-11-26,42.21165,53.89993,11.68828,6,4,24,0,38.68320,54.93551,OK
2024-11-27,35.87989,58.90078,23.02089,6,4,24,0,31.78574,60.55519,OK
2024-11-28,17.09129,50.57460,33.48332,6,4,24,0,8.06068,51.04885,OK
2024-11-29,35.06789,52.73393,17.66604,6,4,24,0,29.57236,54.30687,OK
2024-11-30,31.95271,57.81497,25.86225,6,4,24,0,25.45425,59.15576,OK
2024-12-01,26.12921,62.22556,36.09636,6,4,24,0,20.39088,63.09009,OK
2024-12-02,34.02674,66.72895,32.70221,6,4,24,0,28.50000,69.01145,OK
2024-12-03,36.98196,62.74133,25.75938,6,4,24,0,32.81105,63.59444,OK
2024-12-04,27.83900,56.91028,29.07128,6,4,24,0,20.11190,58.89539,OK
2024-12-05,25.91569,55.06687,29.15118,6,4,24,0,19.77123,56.35941,OK
2024-12-06,22.50887,56.43962,33.93074,6,4,24,0,17.28512,57.48518,OK
2024-12-07,14.69217,48.60666,33.91449,6,4,24,0,7.31601,50.05759,OK
2024-12-08,22.15328,47.02300,24.86972,6,4,24,0,16.23691,47.66417,OK
2024-12-09,22.50803,55.09504,32.58700,6,4,24,0,16.02000,56.51191,OK
2024-12-10,20.22537,60.63219,40.40683,6,4,24,0,14.29505,62.52948,OK
2024-12-11,36.10976,60.32893,24.21917,6,4,24,0,32.50620,60.76799,OK
2024-12-12,30.25146,52.39482,22.14336,6,4,24,0,19.43876,59.16188,OK
2024-12-13,22.99588,54.17445,31.17857,6,4,24,0,16.72898,55.03755,OK
2024-12-14,27.07332,47.31120,20.23788,6,4,24,0,19.67252,50.11658,OK
2024-12-15,2.62691,50.53958,47.91267,6,4,24,4,-2.88155,50.82332,OK
2024-12-16,38.17205,55.13020,16.95815,6,4,24,0,32.72686,58.65018,OK
2024-12-17,25.31587,51.43646,26.12060,6,4,24,0,15.00000,52.72505,OK
2024-12-18,29.43436,49.54231,20.10795,6,4,24,0,23.07516,53.17827,OK
2024-12-19,37.74893,53.26122,15.51229,6,4,24,0,34.62705,54.54765,OK
2024-12-20,29.95498,48.25067,18.29569,6,4,24,0,27.33235,50.70147,OK
2024-12-21,22.44222,44.76861,22.32640,6,4,24,0,18.70968,45.50015,OK
2024-12-22,20.14483,44.26766,24.12283,6,4,24,0,14.79319,44.44653,OK
2024-12-23,31.12536,50.41708,19.29172,6,4,24,0,28.98606,51.23978,OK
2024-12-24,31.25814,42.64811,11.38997,6,4,24,0,29.55092,46.16819,OK
2024-12-25,10.31012,41.45878,31.14866,6,4,24,0,5.84342,41.98317,OK
2024-12-26,26.09150,45.55925,19.46775,6,4,24,0,18.94912,45.71788,OK
2024-12-27,27.61690,38.83786,11.22096,6,4,24,0,25.77291,38.98486,OK
2024-12-28,23.30861,36.86974,13.56113,6,4,24,0,20.83589,37.50848,OK
2024-12-29,2.76103,35.58845,32.82742,6,4,24,1,-1.38799,35.86418,OK
2024-12-30,23.10182,44.01918,20.91736,6,4,24,0,20.46088,44.82167,OK
2024-12-31,32.75851,52.09118,19.33267,6,4,24,0,29.11225,53.91716,OK
2025-01-01,22.81351,45.60162,22.78811,6,4,24,0,19.94409,45.86494,OK
2025-01-02,27.61006,46.16455,18.55449,6,4,24,0,25.23852,52.05364,OK
2025-01-03,36.31950,43.67937,7.35987,6,4,24,0,33.94147,51.61281,OK
2025-01-04,10.31711,44.66349,34.34638,6,4,24,0,6.30351,45.24486,OK
2025-01-05,6.64531,46.10364,39.45833,6,4,24,0,0.93233,46.87011,OK
2025-01-06,13.02751,42.74556,29.71805,6,4,24,0,7.90000,49.03000,OK
2025-01-07,12.97254,50.20802,37.23548,6,4,24,0,7.09269,56.49860,OK
2025-01-08,19.63214,51.20645,31.57432,6,4,24,0,13.80310,51.95649,OK
2025-01-09,20.54650,49.20405,28.65755,6,4,24,0,15.68385,58.10832,OK
2025-01-10,10.98813,41.56891,30.58079,6,4,24,0,7.84000,46.06851,OK
2025-01-11,0.48424,47.69137,47.20713,6,4,24,6,-2.56277,48.20647,OK
2025-01-12,-0.28151,55.30170,55.58320,6,4,24,6,-4.66311,55.95162,OK
2025-01-13,2.82357,57.49756,54.67399,6,4,24,2,-10.00000,58.04468,OK
2025-01-14,10.32763,63.69352,53.36589,6,4,24,0,0.77409,67.57660,OK
2025-01-15,5.91708,62.53583,56.61876,6,4,24,1,-3.13294,65.36994,OK
2025-01-16,9.22779,54.76105,45.53326,6,4,24,0,3.83686,61.57910,OK
2025-01-17,-6.45189,53.67443,60.12632,6,4,24,7,-10.73098,55.00535,OK
2025-01-18,7.67594,76.34988,68.67393,6,4,24,1,-0.58351,79.23254,OK
2025-01-19,-0.75562,70.14358,70.89920,6,4,24,5,-5.12317,71.00037,OK
2025-01-20,14.41315,75.98444,61.57128,6,4,24,0,1.92000,85.00000,OK
2025-01-21,27.88214,79.06863,51.18650,6,4,24,0,20.24174,90.53346,OK
2025-01-22,19.43703,57.45995,38.02292,6,4,24,0,14.13619,70.00000,OK
2025-01-23,12.38491,59.62675,47.24185,6,4,24,0,5.54898,66.38508,OK
2025-01-24,16.97053,56.07102,39.10049,6,4,24,0,12.41899,62.90664,OK
2025-01-25,20.52795,50.85442,30.32647,6,4,24,0,13.99961,52.34461,OK
2025-01-26,34.64257,59.50451,24.86194,6,4,24,0,28.79808,60.07022,OK
2025-01-27,37.07745,63.15555,26.07810,6,4,24,0,31.31443,67.63118,OK
2025-01-28,21.06105,60.89979,39.83873,6,4,24,0,15.62707,75.29357,OK
2025-01-29,9.71236,55.61184,45.89948,6,4,24,0,2.81432,62.93432,OK
2025-01-30,2.93770,55.71519,52.77750,6,4,24,2,-1.85985,58.09329,OK
2025-01-31,10.91245,47.05915,36.14670,6,4,24,0,5.00000,58.16472,OK
2025-02-01,0.07567,45.49159,45.41592,6,4,24,3,-4.94768,48.48044,OK
2025-02-02,-4.87026,46.11897,50.98923,6,4,24,7,-6.80000,47.31491,OK
2025-02-03,12.66794,50.73148,38.06355,6,4,24,0,11.02767,55.34401,OK
2025-02-04,1.14878,54.98707,53.83829,6,4,24,4,-1.67275,59.33821,OK
2025-02-05,0.77057,50.71021,49.93964,6,4,24,2,-6.61069,53.83104,OK
2025-02-06,-4.53558,52.97235,57.50792,6,4,24,6,-6.96278,57.79511,OK
2025-02-07,-3.17679,47.03364,50.21042,6,4,24,5,-5.93256,54.21804,OK
2025-02-08,-19.75257,47.33361,67.08618,6,4,24,8,-21.40346,48.11601,OK
2025-02-09,-6.68937,55.58319,62.27256,6,4,24,6,-9.80693,56.71069,OK
2025-02-10,-7.16812,49.93827,57.10638,6,4,24,7,-8.82737,64.63745,OK
2025-02-11,-12.20076,50.90292,63.10368,6,4,24,7,-15.39000,55.01000,OK
2025-02-12,42.50173,65.58988,23.08815,6,4,24,0,40.10316,68.46108,OK
2025-02-13,43.97744,58.33337,14.35592,6,4,24,0,42.21186,63.10133,OK
2025-02-14,5.66659,49.64903,43.98244,6,4,24,0,1.36665,57.03579,OK
2025-02-15,-3.77971,56.30217,60.08188,6,4,24,6,-8.69143,56.57502,OK
2025-02-16,-3.98988,54.27226,58.26214,6,4,24,6,-5.90943,57.14071,OK
2025-02-17,-9.16175,53.93736,63.09912,6,4,24,7,-11.82708,55.19010,OK
2025-02-18,-5.67645,62.79143,68.46788,6,4,24,7,-7.83496,64.62073,OK
2025-02-19,-5.76803,55.92840,61.69643,6,4,24,6,-9.06348,63.96313,OK
2025-02-20,-4.10972,63.67871,67.78843,6,4,24,6,-6.02879,66.08388,OK
2025-02-21,-8.82275,55.87802,64.70077,6,4,24,7,-10.44973,64.16898,OK
2025-02-22,-21.37235,49.18348,70.55583,6,4,24,8,-23.70235,51.81432,OK
2025-02-23,-29.78895,39.99021,69.77915,6,4,24,9,-32.60276,41.85101,OK
2025-02-24,-19.50387,44.72057,64.22444,6,4,24,8,-21.35138,50.43277,OK
2025-02-25,-15.87135,42.20343,58.07478,6,4,24,8,-18.54000,47.17174,OK
2025-02-26,-9.63120,53.18566,62.81685,6,4,24,8,-12.05047,56.58637,OK
2025-02-27,-6.39382,54.73618,61.13000,6,4,24,7,-8.40913,58.52826,OK
2025-02-28,-4.74675,50.54191,55.28866,6,4,24,7,-6.66708,54.58486,OK
2025-03-01,-11.58504,44.10408,55.68912,6,4,24,7,-13.00805,48.69806,OK
2025-03-02,-10.83405,45.12422,55.95828,6,4,24,7,-13.37674,46.71252,OK
2025-03-03,-8.35682,47.23021,55.58703,6,4,24,7,-10.23308,48.60040,OK
2025-03-04,-9.01863,54.89526,63.91390,6,4,24,8,-9.93527,59.07655,OK
2025-03-05,42.02465,62.04994,20.02529,6,4,24,0,39.76979,70.01090,OK
2025-03-06,4.60957,63.61280,59.00323,6,4,24,0,1.66621,65.86415,OK
2025-03-07,-10.00430,55.85356,65.85786,6,4,24,7,-11.51085,60.05801,OK
2025-03-08,-18.86556,57.41193,76.27748,6,4,24,8,-20.25550,59.54328,OK
2025-03-09,-20.99015,42.53871,63.52885,6,4,23,8,-21.68171,73.54630,OK
2025-03-10,-11.25024,53.78097,65.03122,6,4,24,8,-12.53243,74.52082,OK
2025-03-11,29.30423,63.25378,33.94955,6,4,24,0,26.20039,71.96090,OK
2025-03-12,15.49173,56.64974,41.15802,6,4,24,0,12.98753,66.35620,OK
2025-03-13,10.67941,50.19654,39.51713,6,4,24,0,1.58934,62.22948,OK
2025-03-14,36.05314,53.59210,17.53897,6,4,24,0,30.31049,71.01196,OK
2025-03-15,-37.51553,32.87416,70.38969,6,4,24,10,-40.35326,51.33618,OK
2025-03-16,-25.62524,41.58882,67.21406,6,4,24,8,-27.59883,51.85567,OK
2025-03-17,-5.10817,40.99923,46.10740,6,4,24,6,-7.48199,63.57416,OK
2025-03-18,-35.38264,33.27096,68.65359,6,4,24,9,-36.82097,59.78263,OK
2025-03-19,-27.61358,46.06020,73.67378,6,4,24,8,-30.23513,74.47672,OK
2025-03-20,-30.75942,31.84116,62.60058,6,4,24,9,-32.88938,60.52534,OK
2025-03-21,-24.29873,27.58954,51.88827,6,4,24,9,-27.44044,59.98442,OK
2025-03-22,-32.83949,23.75697,56.59646,6,4,24,10,-37.31025,42.95871,OK
2025-03-23,-34.01692,34.89068,68.90761,6,4,24,10,-36.08332,50.94334,OK
2025-03-24,-12.25665,47.19871,59.45536,6,4,24,8,-13.35060,59.90784,OK
2025-03-25,-6.57181,46.16287,52.73468,6,4,24,7,-7.92353,55.95598,OK
2025-03-26,-10.23187,22.67904,32.91092,6,4,24,9,-12.10213,44.80000,OK
2025-03-27,-17.77736,17.04391,34.82127,6,4,24,9,-20.00537,33.96474,OK
2025-03-28,-16.85001,13.34947,30.19949,6,4,24,9,-21.64685,25.32880,OK
2025-03-29,-36.17413,9.29331,45.46744,6,4,24,10,-39.41538,19.44000,OK
2025-03-30,-30.76385,14.15459,44.91844,6,4,24,10,-32.26640,25.17572,OK
2025-03-31,-4.43564,23.25252,27.68817,6,4,24,6,-7.96138,35.68828,OK
2025-04-01,-10.24074,18.16788,28.40862,6,4,24,9,-11.57919,33.96582,OK
2025-04-02,-13.20134,27.77767,40.97901,6,4,24,8,-15.83438,39.68660,OK
2025-04-03,-9.73145,29.81061,39.54206,6,4,24,8,-11.91655,47.59748,OK
2025-04-04,-10.01941,31.44419,41.46360,6,4,24,9,-11.22055,57.85217,OK
2025-04-05,-23.87966,27.59587,51.47553,6,4,24,10,-27.41858,50.35780,OK
2025-04-06,-20.89325,27.41365,48.30690,6,4,24,10,-21.59996,45.24338,OK
2025-04-07,-13.97321,28.12530,42.09851,6,4,24,10,-15.56024,44.79965,OK
2025-04-08,-14.16673,28.56070,42.72742,6,4,24,10,-14.54499,43.42429,OK
2025-04-09,-10.16992,39.16289,49.33281,6,4,24,9,-11.38331,52.15353,OK
2025-04-10,-5.46240,36.24424,41.70665,6,4,24,9,-7.89352,48.76519,OK
2025-04-11,-3.40057,32.29955,35.70012,6,4,24,9,-10.40205,47.07936,OK
2025-04-12,-12.38163,25.18011,37.56174,6,4,24,10,-14.21220,35.25563,OK
2025-04-13,-10.67507,31.38799,42.06306,6,4,24,9,-11.57917,42.96200,OK
2025-04-14,5.76039,43.70799,37.94760,6,4,24,0,4.01992,52.74630,OK
2025-04-15,4.02598,37.92254,33.89655,6,4,24,0,3.60221,49.29172,OK
2025-04-16,-2.78029,27.12132,29.90161,6,4,24,6,-5.29522,40.42204,OK
2025-04-17,-1.70066,23.52702,25.22768,6,4,24,7,-5.40241,36.43550,OK
2025-04-18,-6.59081,23.42224,30.01306,6,4,24,9,-7.36131,35.64534,OK
2025-04-19,-21.48725,17.57345,39.06070,6,4,24,10,-23.11450,36.24248,OK
2025-04-20,-23.55415,22.71467,46.26881,6,4,24,10,-24.50727,38.58851,OK
2025-04-21,-6.66342,32.99947,39.66289,6,4,24,9,-13.18604,47.73456,OK
2025-04-22,-9.04575,35.82711,44.87286,6,4,24,9,-11.28284,49.95981,OK
2025-04-23,-12.67967,32.32928,45.00895,6,4,24,10,-15.57393,50.25834,OK
2025-04-24,-5.59450,34.96198,40.55648,6,4,24,9,-9.52478,45.68924,OK
2025-04-25,-5.65316,29.62236,35.27552,6,4,24,9,-6.18462,42.66257,OK
2025-04-26,-2.29416,29.25754,31.55170,6,4,24,6,-4.20000,40.74816,OK
2025-04-27,-24.96378,20.89739,45.86118,6,4,24,11,-25.87421,39.63589,OK
2025-04-28,-6.30527,29.43905,35.74432,6,4,24,10,-7.91072,43.38064,OK
2025-04-29,-9.74273,28.16523,37.90796,6,4,24,10,-10.57473,47.84128,OK
2025-04-30,1.95954,35.48234,33.52280,6,4,24,0,1.28040,44.47135,OK
2025-05-01,6.58170,38.39383,31.81213,6,4,24,0,6.09148,44.83565,OK
2025-05-02,0.66779,32.01987,31.35208,6,4,24,2,-0.44236,40.43827,OK
2025-05-03,-4.01364,26.61914,30.63278,6,4,24,9,-6.05068,34.98361,OK
2025-05-04,-6.54809,26.39765,32.94574,6,4,24,8,-6.82204,34.69542,OK
2025-05-05,17.77533,38.32680,20.55147,6,4,24,0,14.73535,43.24940,OK
2025-05-06,6.18264,36.12929,29.94664,6,4,24,0,5.23810,46.14229,OK
2025-05-07,7.11627,38.69424,31.57797,6,4,24,0,6.01000,49.99252,OK
2025-05-08,11.76018,51.95979,40.19961,6,4,24,0,7.97509,63.16470,OK
2025-05-09,15.48211,62.30898,46.82687,6,4,24,0,11.62764,76.55565,OK
2025-05-10,16.37198,62.93656,46.56458,6,4,24,0,12.80395,78.54277,OK
2025-05-11,3.18753,45.77806,42.59053,6,4,24,0,0.84398,57.79000,OK
2025-05-12,12.13958,42.23671,30.09712,6,4,24,0,11.46314,49.97538,OK
2025-05-13,-9.52310,24.53416,34.05726,6,4,24,10,-11.12783,42.05006,OK
2025-05-14,-10.23510,22.58414,32.81924,6,4,24,10,-14.07441,39.03770,OK
2025-05-15,-8.87155,26.16807,35.03962,6,4,24,10,-13.38000,43.90064,OK
2025-05-16,-4.57923,25.81620,30.39543,6,4,24,9,-6.04404,36.59215,OK
2025-05-17,-12.07868,12.37264,24.45131,6,4,24,11,-13.24178,31.26327,OK
2025-05-18,-24.93396,12.38925,37.32321,6,4,24,11,-26.84604,28.15268,OK
2025-05-19,-9.11057,25.00605,34.11662,6,4,24,11,-11.10991,37.05473,OK
2025-05-20,-3.96772,33.52640,37.49412,6,4,24,10,-7.14568,46.50693,OK
2025-05-21,4.73393,45.69971,40.96578,6,4,24,0,1.17506,57.88752,OK
2025-05-22,-3.41588,37.29360,40.70949,6,4,24,8,-6.77153,45.17766,OK
2025-05-23,-4.53300,30.76552,35.29852,6,4,24,9,-6.78218,41.25719,OK
2025-05-24,-18.54012,18.30548,36.84560,6,4,24,11,-24.02728,34.11486,OK
2025-05-25,-17.08232,14.25813,31.34045,6,4,24,11,-22.86288,35.59000,OK
2025-05-26,-20.80296,20.09951,40.90247,6,4,24,11,-29.26676,34.66833,OK
2025-05-27,-2.44516,36.73799,39.18315,6,4,24,9,-5.05118,49.49775,OK
2025-05-28,11.42330,41.53778,30.11447,6,4,24,0,9.48723,49.53634,OK
2025-05-29,12.56101,46.91383,34.35283,6,4,24,0,10.76233,57.55008,OK
2025-05-30,18.43595,63.20453,44.76859,6,4,24,0,16.40515,78.15000,OK
2025-05-31,26.91570,55.56229,28.64659,6,4,24,0,23.89994,65.42750,OK
2025-06-01,24.33804,43.30176,18.96372,6,4,24,0,22.10245,46.07014,OK
2025-06-02,5.42403,40.05407,34.63005,6,4,24,0,3.85706,50.96455,OK
2025-06-03,15.10847,42.74842,27.63996,6,4,24,0,14.33948,51.44294,OK
2025-06-04,8.56624,37.68857,29.12232,6,4,24,0,6.86191,48.63373,OK
2025-06-05,15.99770,45.06692,29.06922,6,4,24,0,14.90470,54.16151,OK
2025-06-06,15.92572,42.15842,26.23269,6,4,24,0,13.28189,49.36621,OK
2025-06-07,3.58499,39.75162,36.16663,6,4,24,0,2.33170,49.05436,OK
2025-06-08,-0.84233,41.58669,42.42902,6,4,24,7,-6.20003,50.19839,OK
2025-06-09,18.78524,51.19579,32.41055,6,4,24,0,17.64625,60.92636,OK
2025-06-10,19.39048,52.41024,33.01976,6,4,24,0,17.94000,61.94293,OK
2025-06-11,9.82372,43.81053,33.98680,6,4,24,0,7.75941,55.70071,OK
2025-06-12,0.81673,39.27836,38.46163,6,4,24,2,-0.24457,48.05832,OK
2025-06-13,3.95815,33.28209,29.32394,6,4,24,1,-0.33181,41.54392,OK
2025-06-14,-3.00383,35.39267,38.39650,6,4,24,10,-6.98066,46.47279,OK
2025-06-15,-2.13042,39.95152,42.08194,6,4,24,8,-10.62706,49.21104,OK
2025-06-16,9.19019,43.60284,34.41265,6,4,24,0,1.74650,54.24675,OK
2025-06-17,14.39574,44.61310,30.21736,6,4,24,0,7.29767,55.74383,OK
2025-06-18,20.27122,51.04645,30.77523,6,4,24,0,14.37680,61.19195,OK
2025-06-19,18.62068,46.24142,27.62074,6,4,24,0,16.58248,56.50980,OK
2025-06-20,-1.01282,33.06072,34.07354,6,4,24,8,-2.99584,44.41958,OK
2025-06-21,-13.34943,24.25191,37.60134,6,4,24,11,-18.52756,39.79434,OK
2025-06-22,-12.16260,31.19352,43.35612,6,4,24,10,-16.07795,46.09144,OK
2025-06-23,4.91529,35.39332,30.47803,6,4,24,0,2.48942,48.72751,OK
2025-06-24,10.06452,35.05355,24.98903,6,4,24,0,5.58480,46.05355,OK
2025-06-25,17.43689,42.79591,25.35901,6,4,24,0,14.61435,53.10317,OK
2025-06-26,19.36840,42.38569,23.01729,6,4,24,0,15.64000,49.74771,OK
2025-06-27,19.33369,46.27867,26.94498,6,4,24,0,16.55068,56.35224,OK
2025-06-28,10.38305,46.24101,35.85796,6,4,24,0,7.25073,55.20239,OK
2025-06-29,15.20504,51.24175,36.03671,6,4,24,0,11.07108,59.01619,OK
2025-06-30,32.14953,59.19118,27.04164,6,4,24,0,17.23202,68.12323,OK
2025-07-01,31.23332,56.02007,24.78675,6,4,24,0,26.74816,63.88120,OK
2025-07-02,27.41491,48.47436,21.05945,6,4,24,0,24.00798,55.24198,OK
2025-07-03,24.55099,45.03214,20.48116,6,4,24,0,21.98550,50.04139,OK
2025-07-04,7.97685,38.67635,30.69950,6,4,24,0,2.85126,45.67315,OK
2025-07-05,11.89320,44.15564,32.26245,6,4,24,0,8.45328,50.18506,OK
2025-07-06,15.19121,49.43645,34.24524,6,4,24,0,10.00000,57.51766,OK
2025-07-07,35.64728,60.32396,24.67668,6,4,24,0,32.15574,69.78929,OK
2025-07-08,35.28542,70.13164,34.84622,6,4,24,0,29.57367,78.96835,OK
2025-07-09,38.31168,65.45682,27.14513,6,4,24,0,35.99291,72.84989,OK
2025-07-10,31.81165,60.53493,28.72327,6,4,24,0,26.41030,72.50051,OK
2025-07-11,28.48540,55.81183,27.32644,6,4,24,0,25.83475,67.71655,OK
2025-07-12,19.27851,45.33291,26.05439,6,4,24,0,16.58318,52.26627,OK
2025-07-13,20.81420,50.72291,29.90871,6,4,24,0,18.71128,59.47794,OK
2025-07-14,30.83081,54.16291,23.33210,6,4,24,0,27.51154,62.43234,OK
2025-07-15,28.90005,51.01375,22.11370,6,4,24,0,28.24104,58.15158,OK
2025-07-16,30.45655,49.86658,19.41003,6,4,24,0,28.26442,54.14745,OK
2025-07-17,31.29807,48.13347,16.83540,6,4,24,0,29.83924,52.21300,OK
2025-07-18,31.31556,45.46981,14.15425,6,4,24,0,28.57555,49.06090,OK
2025-07-19,20.19960,43.26805,23.06845,6,4,24,0,16.80000,46.96945,OK
2025-07-20,18.56755,42.31265,23.74509,6,4,24,0,15.88749,45.75479,OK
2025-07-21,28.44573,44.29498,15.84926,6,4,24,0,26.49304,49.42353,OK
2025-07-22,21.00111,39.88101,18.87990,6,4,24,0,18.62546,45.29951,OK
2025-07-23,21.77693,39.31457,17.53764,6,4,24,0,16.79809,43.63773,OK
2025-07-24,15.02118,36.55147,21.53029,6,4,24,0,14.12679,42.86216,OK
2025-07-25,11.87843,34.36172,22.48329,6,4,24,0,9.69478,41.06942,OK
2025-07-26,-0.76164,31.16684,31.92848,6,4,24,7,-4.06335,39.54595,OK
2025-07-27,0.98071,35.59087,34.61017,6,4,24,2,-5.24944,41.35746,OK
2025-07-28,24.40381,45.52176,21.11795,6,4,24,0,21.09176,52.65075,OK
2025-07-29,24.37059,46.03576,21.66517,6,4,24,0,21.05545,54.75279,OK
2025-07-30,20.89355,44.19540,23.30185,6,4,24,0,18.79283,50.43895,OK
2025-07-31,15.90753,40.27233,24.36481,6,4,24,0,14.70281,45.96945,OK
2025-08-01,19.61060,40.56719,20.95659,6,4,24,0,17.49966,45.22630,OK
2025-08-02,6.90599,37.73457,30.82858,6,4,24,0,2.46601,45.14421,OK
2025-08-03,3.60254,36.75808,33.15554,6,4,24,1,-2.71233,44.27594,OK
2025-08-04,19.78722,42.93575,23.14853,6,4,24,0,17.17589,48.39225,OK
2025-08-05,24.91565,52.64062,27.72497,6,4,24,0,21.42189,60.99427,OK
2025-08-06,31.64793,58.83087,27.18294,6,4,24,0,28.05462,66.09444,OK
2025-08-07,32.99919,69.28592,36.28673,6,4,24,0,28.94343,78.72000,OK
2025-08-08,31.59322,55.80232,24.20909,6,4,24,0,30.58135,65.57190,OK
2025-08-09,24.70963,47.75035,23.04072,6,4,24,0,23.08620,53.32415,OK
2025-08-10,21.63546,49.61875,27.98329,6,4,24,0,19.74178,56.72044,OK
2025-08-11,27.05000,53.19417,26.14417,6,4,24,0,24.80790,63.78779,OK
2025-08-12,32.26029,51.96483,19.70453,6,4,24,0,30.71027,58.43955,OK
2025-08-13,28.90043,44.08249,15.18206,6,4,24,0,27.10000,49.69021,OK
2025-08-14,24.70795,42.88814,18.18019,6,4,24,0,20.91875,47.20012,OK
2025-08-15,23.04758,40.44734,17.39976,6,4,24,0,20.71189,43.24413,OK
2025-08-16,12.71528,35.13205,22.41678,6,4,24,0,11.09836,39.89138,OK
2025-08-17,7.00356,39.57687,32.57331,6,4,24,0,4.04903,43.38740,OK
2025-08-18,19.38920,44.84456,25.45536,6,4,24,0,17.18362,50.28664,OK
2025-08-19,28.14963,51.60372,23.45409,6,4,24,0,24.48126,58.28051,OK
2025-08-20,35.18134,60.33635,25.15501,6,4,24,0,28.74183,64.73492,OK
2025-08-21,40.75730,83.98296,43.22565,6,4,24,0,33.10849,100.22000,OK
2025-08-22,51.09213,91.77203,40.67989,6,4,24,0,46.41629,112.58687,OK
2025-08-23,48.07511,72.16885,24.09374,6,4,24,0,41.76965,83.77043,OK
2025-08-24,37.67622,70.07082,32.39460,6,4,24,0,31.56436,78.11641,OK
2025-08-25,50.67520,73.70148,23.02628,6,4,24,0,40.94977,79.02595,OK
2025-08-26,43.65123,59.07001,15.41878,6,4,24,0,39.74437,63.62558,OK
2025-08-27,31.54729,48.93891,17.39162,6,4,24,0,29.59876,50.96720,OK
2025-08-28,41.14403,53.01550,11.87147,6,4,24,0,39.25396,55.12965,OK
2025-08-29,22.42227,50.03964,27.61737,6,4,24,0,20.67796,54.96199,OK
2025-08-30,24.02005,49.98549,25.96544,6,4,24,0,21.92853,59.62025,OK
2025-08-31,26.31987,54.33950,28.01963,6,4,24,0,21.38124,65.18687,OK
2025-09-01,30.36039,59.24343,28.88305,6,4,24,0,25.01910,64.82575,OK
2025-09-02,57.32252,80.90117,23.57864,6,4,24,0,54.08000,88.93071,OK
2025-09-03,46.69283,77.80910,31.11627,6,4,24,0,41.80624,86.90274,OK
2025-09-04,36.27791,57.94806,21.67015,6,4,24,0,33.71796,63.41953,OK
2025-09-05,29.68726,49.51653,19.82927,6,4,24,0,27.68077,52.15828,OK
2025-09-06,18.04453,50.59782,32.55329,6,4,24,0,16.11430,54.40471,OK
2025-09-07,13.53663,46.25749,32.72086,6,4,24,0,8.73374,49.57455,OK
2025-09-08,24.37828,49.80503,25.42675,6,4,24,0,21.51065,57.10751,OK
2025-09-09,18.94586,42.96607,24.02021,6,4,24,0,14.34810,49.16094,OK
2025-09-10,11.34563,44.25852,32.91289,6,4,24,0,9.84580,47.84042,OK
2025-09-11,9.29190,43.29838,34.00648,6,4,24,0,5.06207,47.59730,OK
2025-09-12,9.65323,41.34302,31.68980,6,4,24,0,6.69550,46.58088,OK
2025-09-13,4.67590,42.68457,38.00867,6,4,24,0,0.14330,44.94034,OK
2025-09-14,4.94429,44.88786,39.94357,6,4,24,0,1.73584,48.91000,OK
2025-09-15,23.67418,57.83157,34.15739,6,4,24,0,20.82454,61.06751,OK
2025-09-16,23.39097,66.36764,42.97666,6,4,24,0,20.82024,74.49508,OK
2025-09-17,34.97722,60.44638,25.46916,6,4,24,0,29.85986,64.69487,OK
2025-09-18,49.98903,59.29460,9.30557,6,4,24,0,49.22886,59.83460,OK
2025-09-19,31.14065,51.31584,20.17519,6,4,24,0,28.75895,54.84214,OK
2025-09-20,22.46046,48.46851,26.00805,6,4,24,0,20.48791,50.30255,OK
2025-09-21,28.88597,48.49482,19.60885,6,4,24,0,25.66135,49.28809,OK
2025-09-22,29.27802,55.88304,26.60502,6,4,24,0,18.58509,59.54591,OK
2025-09-23,31.43440,67.81771,36.38331,6,4,24,0,28.89405,73.96870,OK
2025-09-24,33.53265,54.84852,21.31587,6,4,24,0,32.19000,56.60888,OK
2025-09-25,16.00099,45.41036,29.40937,6,4,24,0,13.15200,49.77131,OK
2025-09-26,15.18599,44.05543,28.86945,6,4,24,0,13.28650,45.84681,OK
2025-09-27,21.90522,43.56523,21.66001,6,4,24,0,20.86402,46.40002,OK
2025-09-28,9.57677,43.32782,33.75105,6,4,24,0,8.00000,45.57832,OK
2025-09-29,22.90026,44.73116,21.83090,6,4,24,0,22.26300,50.82781,OK
2025-09-30,4.22070,37.83423,33.61353,6,4,24,0,3.16679,45.35122,OK
2025-10-01,4.18733,39.97438,35.78705,6,4,24,0,2.95971,44.10818,OK
2025-10-02,3.17651,41.94230,38.76579,6,4,24,0,2.93627,51.71660,OK
2025-10-03,-5.39864,33.80334,39.20198,6,4,24,8,-6.64544,45.17129,OK
2025-10-04,-9.35578,35.35379,44.70957,6,4,24,9,-11.09736,39.62553,OK
2025-10-05,-12.43325,43.20156,55.63481,6,4,24,9,-15.21209,46.59462,OK
2025-10-06,6.65033,48.10396,41.45363,6,4,24,0,4.32520,50.49930,OK
2025-10-07,13.68758,49.31721,35.62963,6,4,24,0,12.86260,51.40195,OK
2025-10-08,18.59628,49.13123,30.53495,6,4,24,0,16.98783,51.52936,OK
2025-10-09,30.40851,50.98080,20.57229,6,4,24,0,26.84164,55.57204,OK
2025-10-10,34.98571,51.07948,16.09377,6,4,24,0,32.15202,52.02578,OK
2025-10-11,-3.99185,40.25732,44.24917,6,4,24,8,-8.81885,43.33740,OK
2025-10-12,-4.38423,44.81386,49.19809,6,4,24,8,-8.07537,45.45845,OK
2025-10-13,7.85219,39.28585,31.43366,6,4,24,0,6.62943,48.08395,OK
2025-10-14,26.73094,47.36315,20.63221,6,4,24,0,25.66272,52.35698,OK
2025-10-15,-0.23243,44.29819,44.53062,6,4,24,4,-1.27402,55.46232,OK
2025-10-16,-0.90678,46.22118,47.12796,6,4,24,6,-2.53822,52.65408,OK
2025-10-17,-1.67270,47.98452,49.65723,6,4,24,7,-3.84061,53.52465,OK
2025-10-18,-1.54562,45.62815,47.17377,6,4,24,7,-3.58000,47.55535,OK
2025-10-19,-2.57203,39.89464,42.46666,6,4,24,7,-6.33836,42.24789,OK
2025-10-20,12.22497,52.00507,39.78010,6,4,24,0,10.47092,55.14936,OK
2025-10-21,15.63276,50.79801,35.16526,6,4,24,0,14.02224,53.54811,OK
2025-10-22,10.98201,44.26582,33.28381,6,4,24,0,8.30449,48.74227,OK
2025-10-23,9.88944,48.55247,38.66303,6,4,24,0,8.27140,53.00505,OK
2025-10-24,15.35287,47.38806,32.03519,6,4,24,0,13.70740,57.05055,OK
2025-10-25,-1.37403,40.22221,41.59624,6,4,24,7,-4.44786,48.44364,OK
2025-10-26,-14.61679,40.18122,54.79801,6,4,24,8,-16.13594,40.71770,OK
2025-10-27,7.92419,49.21173,41.28754,6,4,24,0,6.78684,49.60245,OK
2025-10-28,14.25981,54.89707,40.63726,6,4,24,0,11.20718,56.42166,OK
2025-10-29,20.55048,60.39078,39.84029,6,4,24,0,17.34089,62.70027,OK
2025-10-30,19.46927,54.11404,34.64477,6,4,24,0,16.87937,55.01538,OK
2025-10-31,13.22586,49.08682,35.86096,6,4,24,0,9.00000,50.39553,OK
2025-11-01,1.50915,49.38325,47.87410,6,4,24,3,-0.68525,52.06950,OK
2025-11-02,7.89568,51.96810,44.07242,6,4,25,0,0.42748,53.76387,OK
2025-11-03,29.41296,55.25098,25.83803,6,4,24,0,22.85905,59.27243,OK
2025-11-04,21.57647,57.87411,36.29763,6,4,24,0,18.43242,59.85105,OK
2025-11-05,24.58085,48.68162,24.10077,6,4,24,0,22.10193,52.01718,OK
2025-11-06,3.15699,44.89981,41.74282,6,4,24,4,-18.01000,46.86052,OK
2025-11-07,11.15468,46.54955,35.39487,6,4,24,0,6.71553,47.90067,OK
2025-11-08,1.24493,47.82782,46.58289,6,4,24,7,-3.83684,48.37682,OK
2025-11-09,-0.71712,47.22956,47.94668,6,4,24,7,-8.42525,49.64034,OK
2025-11-10,24.27283,52.32627,28.05344,6,4,24,0,14.90000,55.14563,OK
2025-11-11,40.41781,56.53526,16.11745,6,4,24,0,30.36201,57.14694,OK
2025-11-12,46.03550,54.34889,8.31339,6,4,24,0,43.76320,58.94352,OK
2025-11-13,30.91365,50.72195,19.80830,6,4,24,0,26.54029,52.84746,OK
2025-11-14,48.26576,53.78806,5.52230,6,4,24,0,41.55244,55.16293,OK
2025-11-15,45.64912,49.55895,3.90984,6,4,24,0,41.06706,50.64856,OK
2025-11-16,28.25949,46.90270,18.64321,6,4,24,0,24.55400,47.26229,OK
2025-11-17,41.98595,50.78304,8.79709,6,4,24,0,38.34000,51.57882,OK
2025-11-18,42.31929,54.06146,11.74218,6,4,24,0,39.34804,55.46823,OK
2025-11-19,36.33304,55.99705,19.66400,6,4,24,0,32.68543,56.75741,OK
2025-11-20,39.47883,53.22046,13.74163,6,4,24,0,35.90803,55.48402,OK
2025-11-21,45.73648,54.21046,8.47398,6,4,24,0,43.49788,55.56016,OK
2025-11-22,35.73609,50.65362,14.91753,6,4,24,0,32.35941,52.44325,OK
2025-11-23,5.10471,46.79151,41.68680,6,4,24,1,-0.50422,47.61544,OK
2025-11-24,25.68022,51.35155,25.67134,6,4,24,0,20.24332,52.10288,OK
2025-11-25,30.01375,59.37292,29.35917,6,4,24,0,23.30775,60.44384,OK
2025-11-26,32.34966,55.33341,22.98375,6,4,24,0,28.04222,61.16664,OK
2025-11-27,42.49868,51.24757,8.74889,6,4,24,0,40.03408,56.79303,OK
2025-11-28,18.65677,48.62949,29.97272,6,4,24,0,14.50550,54.59271,OK
2025-11-29,27.91987,51.40156,23.48169,6,4,24,0,21.26000,52.06591,OK
2025-11-30,13.82928,48.11106,34.28177,6,4,24,0,9.84526,49.01009,OK
2025-12-01,32.35968,57.63692,25.27724,6,4,24,0,25.21756,63.83991,OK
2025-12-02,35.56379,57.54192,21.97813,6,4,24,0,30.06962,63.33598,OK
2025-12-03,39.71876,58.01396,18.29520,6,4,24,0,33.59794,63.07811,OK
2025-12-04,35.61020,57.15515,21.54495,6,4,24,0,30.00691,59.10808,OK
2025-12-05,34.78648,52.96745,18.18097,6,4,24,0,30.79559,58.86747,OK
2025-12-06,22.94222,50.30512,27.36290,6,4,24,0,15.80000,50.43640,OK
2025-12-07,24.11548,52.05800,27.94251,6,4,24,0,15.35751,52.32352,OK
2025-12-08,36.59434,56.29501,19.70067,6,4,24,0,32.89409,58.45183,OK
2025-12-09,35.97263,51.48226,15.50963,6,4,24,0,32.38073,53.83875,OK
2025-12-10,30.75779,47.31663,16.55884,6,4,24,0,28.46722,47.45857,OK
2025-12-11,30.29563,47.04357,16.74794,6,4,24,0,27.57566,47.90726,OK
2025-12-12,33.41610,46.44226,13.02617,6,4,24,0,30.54405,49.81644,OK
2025-12-13,31.12241,43.11374,11.99134,6,4,24,0,28.26807,43.32091,OK
2025-12-14,28.86420,43.38827,14.52407,6,4,24,0,26.79927,43.78230,OK
2025-12-15,29.19581,44.32771,15.13190,6,4,24,0,27.11919,44.77041,OK
2025-12-16,28.56910,40.65571,12.08661,6,4,24,0,26.50000,43.32251,OK
2025-12-17,25.49234,37.99946,12.50712,6,4,24,0,22.39496,39.06117,OK
2025-12-18,30.89371,39.31347,8.41976,6,4,24,0,28.95246,42.15990,OK
2025-12-19,28.11253,36.33671,8.22418,6,4,24,0,25.28098,36.61808,OK
2025-12-20,25.71661,36.42748,10.71087,6,4,24,0,23.85747,36.86370,OK
2025-12-21,25.80132,34.71110,8.90978,6,4,24,0,23.57524,34.95915,OK
2025-12-22,32.16916,41.36225,9.19310,6,4,24,0,30.09081,41.75021,OK
2025-12-23,31.86276,36.43224,4.56948,6,4,24,0,29.94489,37.02484,OK
2025-12-24,32.72109,32.95023,0.22914,6,4,24,0,27.48844,34.82665,OK
2025-12-25,17.30108,29.67598,12.37490,6,4,24,0,15.42221,30.08347,OK
2025-12-26,24.88083,32.16900,7.28817,6,4,24,0,23.44025,32.52157,OK
2025-12-27,1.56990,29.66100,28.09110,6,4,24,1,-0.69809,29.88133,OK
2025-12-28,4.20781,32.23839,28.03059,6,4,24,1,-0.62335,32.38162,OK
2025-12-29,18.07051,37.65626,19.58575,6,4,24,0,13.37375,37.73835,OK
2025-12-30,30.47429,38.39071,7.91642,6,4,24,0,28.49984,41.77699,OK
2025-12-31,43.20985,43.09974,-0.11010,6,4,24,0,36.08000,44.43364,OK
