chunk_start,chunk_end,query_start_utc,query_end_utc,node,market,query_name,version,filename,source_url,status,attempts,size_bytes,sha256,raw_rows,lmp_rows,desired_days_present,csv_members,downloaded_at_utc_iso,error
2023-05-01,2023-05-07,20230501T00:00-0000,20230509T00:00-0000,TH_SP15_GEN-APND,DAM,PRC_LMP,12,SP15_DAM_LMP_20230501_20230507.zip,https://oasis.caiso.com/oasisapi/SingleZip?queryname=PRC_LMP&startdatetime=20230501T00:00-0000&enddatetime=20230509T00:00-0000&version=12&market_run_id=DAM&node=TH_SP15_GEN-APND&resultformat=6,reused_valid_file,1,9324,a12d10ca9b3ce9fdf322109c52a337cd8a68bc1352ea4bd9d11685aebdc22b45,925,185,7,1,2026-08-11T16:28:31.579Z,
2023-05-08,2023-05-14,20230508T00:00-0000,20230516T00:00-0000,TH_SP15_GEN-APND,DAM,PRC_LMP,12,SP15_DAM_LMP_20230508_20230514.zip,https://oasis.caiso.com/oasisapi/SingleZip?queryname=PRC_LMP&startdatetime=20230508T00:00-0000&enddatetime=20230516T00:00-0000&version=12&market_run_id=DAM&node=TH_SP15_GEN-APND&resultformat=6,downloaded,1,9740,d57215d0f65d90e1bb88068947d3decfa1d07ffce6c74bfe5c95b3671e50b7d4,960,192,7,1,2026-08-11T16:28:39.261Z,
2023-05-15,2023-05-21,20230515T00:00-0000,20230523T00:00-0000,TH_SP15_GEN-APND,DAM,PRC_LMP,12,SP15_DAM_LMP_20230515_20230521.zip,https://oasis.caiso.com/oasisapi/SingleZip?queryname=PRC_LMP&startdatetime=20230515T00:00-0000&enddatetime=20230523T00:00-0000&version=12&market_run_id=DAM&node=TH_SP15_GEN-APND&resultformat=6,downloaded,1,9611,7ea1c3f39b1ead27b07622d97bd700ae2211156647cd4f781bae141cb902e535,960,192,7,1,2026-08-11T16:28:46.882Z,
2023-05-22,2023-05-28,20230522T00:00-0000,20230530T00:00-0000,TH_SP15_GEN-APND,DAM,PRC_LMP,12,SP15_DAM_LMP_20230522_20230528.zip,https://oasis.caiso.com/oasisapi/SingleZip?queryname=PRC_LMP&startdatetime=20230522T00:00-0000&enddatetime=20230530T00:00-0000&version=12&market_run_id=DAM&node=TH_SP15_GEN-APND&resultformat=6,downloaded,1,9375,7dfc79cbd23d4677520993d5465abc2fa6d01f0184b0fd98495bdd64e7b9905f,960,192,7,1,2026-08-11T16:28:55.853Z,
2023-05-29,2023-06-04,20230529T00:00-0000,20230606T00:00-0000,TH_SP15_GEN-APND,DAM,PRC_LMP,12,SP15_DAM_LMP_20230529_20230604.zip,https://oasis.caiso.com/oasisapi/SingleZip?queryname=PRC_LMP&startdatetime=20230529T00:00-0000&enddatetime=20230606T00:00-0000&version=12&market_run_id=DAM&node=TH_SP15_GEN-APND&resultformat=6,downloaded,1,9219,b5c57ebbc888b91e362a6af7e40c3036089d72cfd5d79246943614905b7a834f,960,192,7,1,2026-08-11T16:29:02.537Z,
2023-06-05,2023-06-11,20230605T00:00-0000,20230613T00:00-0000,TH_SP15_GEN-APND,DAM,PRC_LMP,12,SP15_DAM_LMP_20230605_20230611.zip,https://oasis.caiso.com/oasisapi/SingleZip?queryname=PRC_LMP&startdatetime=20230605T00:00-0000&enddatetime=20230613T00:00-0000&version=12&market_run_id=DAM&node=TH_SP15_GEN-APND&resultformat=6,downloaded,1,9529,fe7f910996e1e4d4d16ce919ae48b5a661ccd064583410ba41a4448d51e24bef,960,192,7,1,2026-08-11T16:29:13.739Z,
2023-06-12,2023-06-18,20230612T00:00-0000,20230620T00:00-0000,TH_SP15_GEN-APND,DAM,PRC_LMP,12,SP15_DAM_LMP_20230612_20230618.zip,https://oasis.caiso.com/oasisapi/SingleZip?queryname=PRC_LMP&startdatetime=20230612T00:00-0000&enddatetime=20230620T00:00-0000&version=12&market_run_id=DAM&node=TH_SP15_GEN-APND&resultformat=6,downloaded,1,9276,f8eb79eec86edd5eedd006711ed77a13a59c2f464d4748e0561fe36a3ea56996,960,192,7,1,2026-08-11T16:29:20.749Z,
2023-06-19,2023-06-25,20230619T00:00-0000,20230627T00:00-0000,TH_SP15_GEN-APND,DAM,PRC_LMP,12,SP15_DAM_LMP_20230619_20230625.zip,https://oasis.caiso.com/oasisapi/SingleZip?queryname=PRC_LMP&startdatetime=20230619T00:00-0000&enddatetime=20230627T00:00-0000&version=12&market_run_id=DAM&node=TH_SP15_GEN-APND&resultformat=6,downloaded,1,9867,98e903c16a3ce63774bd81701061db9c20829c915d3bdd656c3dfb6992c24131,960,192,7,1,2026-08-11T16:29:28.621Z,
2023-06-26,2023-07-02,20230626T00:00-0000,20230704T00:00-0000,TH_SP15_GEN-APND,DAM,PRC_LMP,12,SP15_DAM_LMP_20230626_20230702.zip,https://oasis.caiso.com/oasisapi/SingleZip?queryname=PRC_LMP&startdatetime=20230626T00:00-0000&enddatetime=20230704T00:00-0000&version=12&market_run_id=DAM&node=TH_SP15_GEN-APND&resultformat=6,downloaded,1,9667,b2a371247761bfe6732c9d8ab01f7b17801a5de69ae80b535b3ace546d3f2725,960,192,7,1,2026-08-11T16:29:35.686Z,
2023-07-03,2023-07-09,20230703T00:00-0000,20230711T00:00-0000,TH_SP15_GEN-APND,DAM,PRC_LMP,12,SP15_DAM_LMP_20230703_20230709.zip,https://oasis.caiso.com/oasisapi/SingleZip?queryname=PRC_LMP&startdatetime=20230703T00:00-0000&enddatetime=20230711T00:00-0000&version=12&market_run_id=DAM&node=TH_SP15_GEN-APND&resultformat=6,downloaded,1,9497,5ee8ba7e7ae2802b4f0d12cafc8d7254407ef354f91d050b96aa87b6f288a3aa,960,192,7,1,2026-08-11T16:29:42.837Z,
2023-07-10,2023-07-16,20230710T00:00-0000,20230718T00:00-0000,TH_SP15_GEN-APND,DAM,PRC_LMP,12,SP15_DAM_LMP_20230710_20230716.zip,https://oasis.caiso.com/oasisapi/SingleZip?queryname=PRC_LMP&startdatetime=20230710T00:00-0000&enddatetime=20230718T00:00-0000&version=12&market_run_id=DAM&node=TH_SP15_GEN-APND&resultformat=6,downloaded,1,9458,736c2666ccacf7665262771ea860f537e30399357e262e2c4efa0c3097811f0f,960,192,7,1,2026-08-11T16:29:49.963Z,
2023-07-17,2023-07-23,20230717T00:00-0000,20230725T00:00-0000,TH_SP15_GEN-APND,DAM,PRC_LMP,12,SP15_DAM_LMP_20230717_20230723.zip,https://oasis.caiso.com/oasisapi/SingleZip?queryname=PRC_LMP&startdatetime=20230717T00:00-0000&enddatetime=20230725T00:00-0000&version=12&market_run_id=DAM&node=TH_SP15_GEN-APND&resultformat=6,downloaded,1,9720,5e2c7eff1a85ad28bf912561e12addb6dfa05cdf286b205ce7236717968d4475,960,192,7,1,2026-08-11T16:29:58.294Z,
2023-07-24,2023-07-30,20230724T00:00-0000,20230801T00:00-0000,TH_SP15_GEN-APND,DAM,PRC_LMP,12,SP15_DAM_LMP_20230724_20230730.zip,https://oasis.caiso.com/oasisapi/SingleZip?queryname=PRC_LMP&startdatetime=20230724T00:00-0000&enddatetime=20230801T00:00-0000&version=12&market_run_id=DAM&node=TH_SP15_GEN-APND&resultformat=6,downloaded,1,10125,88d6f1516e197d6209e6aa039639a042054bd131d0b84f29bc45f1738b861899,960,192,7,1,2026-08-11T16:30:06.496Z,
2023-07-31,2023-08-06,20230731T00:00-0000,20230808T00:00-0000,TH_SP15_GEN-APND,DAM,PRC_LMP,12,SP15_DAM_LMP_20230731_20230806.zip,https://oasis.caiso.com/oasisapi/SingleZip?queryname=PRC_LMP&startdatetime=20230731T00:00-0000&enddatetime=20230808T00:00-0000&version=12&market_run_id=DAM&node=TH_SP15_GEN-APND&resultformat=6,downloaded,1,9870,946d756b0fb438e42df3546e5931d80aa4afd008b2006ed61cba139fa560d92e,960,192,7,1,2026-08-11T16:30:14.821Z,
2023-08-07,2023-08-13,20230807T00:00-0000,20230815T00:00-0000,TH_SP15_GEN-APND,DAM,PRC_LMP,12,SP15_DAM_LMP_20230807_20230813.zip,https://oasis.caiso.com/oasisapi/SingleZip?queryname=PRC_LMP&startdatetime=20230807T00:00-0000&enddatetime=20230815T00:00-0000&version=12&market_run_id=DAM&node=TH_SP15_GEN-APND&resultformat=6,downloaded,1,9380,7215f9a302a91377c088911e2bad1111c92971a575afacc4dfa46ddb7985cd19,960,192,7,1,2026-08-11T16:30:23.009Z,
2023-08-14,2023-08-20,20230814T00:00-0000,20230822T00:00-0000,TH_SP15_GEN-APND,DAM,PRC_LMP,12,SP15_DAM_LMP_20230814_20230820.zip,https://oasis.caiso.com/oasisapi/SingleZip?queryname=PRC_LMP&startdatetime=20230814T00:00-0000&enddatetime=20230822T00:00-0000&version=12&market_run_id=DAM&node=TH_SP15_GEN-APND&resultformat=6,downloaded,1,9431,404bc1242aa69468e21926d3b67948ee33cea896f44502de861042638f359643,960,192,7,1,2026-08-11T16:30:31.082Z,
2023-08-21,2023-08-27,20230821T00:00-0000,20230829T00:00-0000,TH_SP15_GEN-APND,DAM,PRC_LMP,12,SP15_DAM_LMP_20230821_20230827.zip,https://oasis.caiso.com/oasisapi/SingleZip?queryname=PRC_LMP&startdatetime=20230821T00:00-0000&enddatetime=20230829T00:00-0000&version=12&market_run_id=DAM&node=TH_SP15_GEN-APND&resultformat=6,downloaded,1,9626,6995fa797e70d03fab548eb3e8baf7572759b7b869ca198442868d83ff663675,960,192,7,1,2026-08-11T16:30:39.762Z,
2023-08-28,2023-09-03,20230828T00:00-0000,20230905T00:00-0000,TH_SP15_GEN-APND,DAM,PRC_LMP,12,SP15_DAM_LMP_20230828_20230903.zip,https://oasis.caiso.com/oasisapi/SingleZip?queryname=PRC_LMP&startdatetime=20230828T00:00-0000&enddatetime=20230905T00:00-0000&version=12&market_run_id=DAM&node=TH_SP15_GEN-APND&resultformat=6,downloaded,1,9931,26494564342b19fd903150258cd1ebbef2a793f2df5f4878a4c74e66bbfc5761,960,192,7,1,2026-08-11T16:30:46.673Z,
2023-09-04,2023-09-10,20230904T00:00-0000,20230912T00:00-0000,TH_SP15_GEN-APND,DAM,PRC_LMP,12,SP15_DAM_LMP_20230904_20230910.zip,https://oasis.caiso.com/oasisapi/SingleZip?queryname=PRC_LMP&startdatetime=20230904T00:00-0000&enddatetime=20230912T00:00-0000&version=12&market_run_id=DAM&node=TH_SP15_GEN-APND&resultformat=6,downloaded,1,9616,dbd75f4d660ed1ef33e767109944c2df529999eb2943b0043c78fdf420be9dd8,960,192,7,1,2026-08-11T16:30:55.765Z,
2023-09-11,2023-09-17,20230911T00:00-0000,20230919T00:00-0000,TH_SP15_GEN-APND,DAM,PRC_LMP,12,SP15_DAM_LMP_20230911_20230917.zip,https://oasis.caiso.com/oasisapi/SingleZip?queryname=PRC_LMP&startdatetime=20230911T00:00-0000&enddatetime=20230919T00:00-0000&version=12&market_run_id=DAM&node=TH_SP15_GEN-APND&resultformat=6,downloaded,1,9776,aa451a5e9e027e92df712189f901106a794539d95404071ecee061fefd02d450,960,192,7,1,2026-08-11T16:31:03.463Z,
2023-09-18,2023-09-24,20230918T00:00-0000,20230926T00:00-0000,TH_SP15_GEN-APND,DAM,PRC_LMP,12,SP15_DAM_LMP_20230918_20230924.zip,https://oasis.caiso.com/oasisapi/SingleZip?queryname=PRC_LMP&startdatetime=20230918T00:00-0000&enddatetime=20230926T00:00-0000&version=12&market_run_id=DAM&node=TH_SP15_GEN-APND&resultformat=6,downloaded,1,9763,e09531bb572b84b5d56697108d71a102a7ab1b921e9e73aecff8b6c2a5a40343,960,192,7,1,2026-08-11T16:31:11.153Z,
2023-09-25,2023-10-01,20230925T00:00-0000,20231003T00:00-0000,TH_SP15_GEN-APND,DAM,PRC_LMP,12,SP15_DAM_LMP_20230925_20231001.zip,https://oasis.caiso.com/oasisapi/SingleZip?queryname=PRC_LMP&startdatetime=20230925T00:00-0000&enddatetime=20231003T00:00-0000&version=12&market_run_id=DAM&node=TH_SP15_GEN-APND&resultformat=6,downloaded,1,10046,3f4b24e9f215d88a880eed9f962e1748b0d23f9a48bf5c3019a1b9fab6ee779d,960,192,7,1,2026-08-11T16:31:19.182Z,
2023-10-02,2023-10-08,20231002T00:00-0000,20231010T00:00-0000,TH_SP15_GEN-APND,DAM,PRC_LMP,12,SP15_DAM_LMP_20231002_20231008.zip,https://oasis.caiso.com/oasisapi/SingleZip?queryname=PRC_LMP&startdatetime=20231002T00:00-0000&enddatetime=20231010T00:00-0000&version=12&market_run_id=DAM&node=TH_SP15_GEN-APND&resultformat=6,downloaded,1,10177,fec55eecf3c4934ee1b909802e805edfc5eb8f38b073b87d0095eeb8e758ec01,960,192,7,1,2026-08-11T16:31:27.973Z,
2023-10-09,2023-10-15,20231009T00:00-0000,20231017T00:00-0000,TH_SP15_GEN-APND,DAM,PRC_LMP,12,SP15_DAM_LMP_20231009_20231015.zip,https://oasis.caiso.com/oasisapi/SingleZip?queryname=PRC_LMP&startdatetime=20231009T00:00-0000&enddatetime=20231017T00:00-0000&version=12&market_run_id=DAM&node=TH_SP15_GEN-APND&resultformat=6,downloaded,1,10109,2a604e7fbf11239d9296300a5488e5a156058ed6e5b5f3dd527859bc4e4fbba3,960,192,7,1,2026-08-11T16:31:35.209Z,
2023-10-16,2023-10-22,20231016T00:00-0000,20231024T00:00-0000,TH_SP15_GEN-APND,DAM,PRC_LMP,12,SP15_DAM_LMP_20231016_20231022.zip,https://oasis.caiso.com/oasisapi/SingleZip?queryname=PRC_LMP&startdatetime=20231016T00:00-0000&enddatetime=20231024T00:00-0000&version=12&market_run_id=DAM&node=TH_SP15_GEN-APND&resultformat=6,downloaded,1,10235,96f666731c9a59be3205ec9ab8e03140a46db460738612c57787a672d047e55b,960,192,7,1,2026-08-11T16:31:43.094Z,
2023-10-23,2023-10-29,20231023T00:00-0000,20231031T00:00-0000,TH_SP15_GEN-APND,DAM,PRC_LMP,12,SP15_DAM_LMP_20231023_20231029.zip,https://oasis.caiso.com/oasisapi/SingleZip?queryname=PRC_LMP&startdatetime=20231023T00:00-0000&enddatetime=20231031T00:00-0000&version=12&market_run_id=DAM&node=TH_SP15_GEN-APND&resultformat=6,downloaded,1,10145,d5e60acf17cc53c29fb7cc24c669fdef34a4d51737db8ae2743859c7e6a246f7,960,192,7,1,2026-08-11T16:31:52.285Z,
2023-10-30,2023-11-05,20231030T00:00-0000,20231107T00:00-0000,TH_SP15_GEN-APND,DAM,PRC_LMP,12,SP15_DAM_LMP_20231030_20231105.zip,https://oasis.caiso.com/oasisapi/SingleZip?queryname=PRC_LMP&startdatetime=20231030T00:00-0000&enddatetime=20231107T00:00-0000&version=12&market_run_id=DAM&node=TH_SP15_GEN-APND&resultformat=6,downloaded,1,10030,c2c302a9012fcdcb31188aa7daa75a7b1c5347bab8a26ddab492d27ef5086aa8,960,192,7,1,2026-08-11T16:31:59.814Z,
2023-11-06,2023-11-12,20231106T00:00-0000,20231114T00:00-0000,TH_SP15_GEN-APND,DAM,PRC_LMP,12,SP15_DAM_LMP_20231106_20231112.zip,https://oasis.caiso.com/oasisapi/SingleZip?queryname=PRC_LMP&startdatetime=20231106T00:00-0000&enddatetime=20231114T00:00-0000&version=12&market_run_id=DAM&node=TH_SP15_GEN-APND&resultformat=6,downloaded,1,10029,e3cf5d860c688d1341d545465197f44d9eebe0246a558a39907eda2915d83042,960,192,7,1,2026-08-11T16:32:08.838Z,
2023-11-13,2023-11-19,20231113T00:00-0000,20231121T00:00-0000,TH_SP15_GEN-APND,DAM,PRC_LMP,12,SP15_DAM_LMP_20231113_20231119.zip,https://oasis.caiso.com/oasisapi/SingleZip?queryname=PRC_LMP&startdatetime=20231113T00:00-0000&enddatetime=20231121T00:00-0000&version=12&market_run_id=DAM&node=TH_SP15_GEN-APND&resultformat=6,downloaded,1,10064,823474f80304894fc44ba71831b924cd0bda721685ffef61f625886febabd4e2,960,192,7,1,2026-08-11T16:32:18.861Z,
2023-11-20,2023-11-26,20231120T00:00-0000,20231128T00:00-0000,TH_SP15_GEN-APND,DAM,PRC_LMP,12,SP15_DAM_LMP_20231120_20231126.zip,https://oasis.caiso.com/oasisapi/SingleZip?queryname=PRC_LMP&startdatetime=20231120T00:00-0000&enddatetime=20231128T00:00-0000&version=12&market_run_id=DAM&node=TH_SP15_GEN-APND&resultformat=6,downloaded,1,9983,58b4137be1add54542c2e9f90c1fae602ce871f0afa5bc7c7192571152a4ebd1,960,192,7,1,2026-08-11T16:32:26.341Z,
2023-11-27,2023-12-03,20231127T00:00-0000,20231205T00:00-0000,TH_SP15_GEN-APND,DAM,PRC_LMP,12,SP15_DAM_LMP_20231127_20231203.zip,https://oasis.caiso.com/oasisapi/SingleZip?queryname=PRC_LMP&startdatetime=20231127T00:00-0000&enddatetime=20231205T00:00-0000&version=12&market_run_id=DAM&node=TH_SP15_GEN-APND&resultformat=6,downloaded,1,10105,2d312dd24a3644f886c94530c694bd59f4547f1015c68c1d8aeafb72d0aa9191,960,192,7,1,2026-08-11T16:32:36.054Z,
2023-12-04,2023-12-10,20231204T00:00-0000,20231212T00:00-0000,TH_SP15_GEN-APND,DAM,PRC_LMP,12,SP15_DAM_LMP_20231204_20231210.zip,https://oasis.caiso.com/oasisapi/SingleZip?queryname=PRC_LMP&startdatetime=20231204T00:00-0000&enddatetime=20231212T00:00-0000&version=12&market_run_id=DAM&node=TH_SP15_GEN-APND&resultformat=6,downloaded,1,9961,06b080ecb2fe493aa41fce21ff796717c0a343c89aa0ebe34785116f1e00f433,960,192,7,1,2026-08-11T16:32:43.878Z,
2023-12-11,2023-12-17,20231211T00:00-0000,20231219T00:00-0000,TH_SP15_GEN-APND,DAM,PRC_LMP,12,SP15_DAM_LMP_20231211_20231217.zip,https://oasis.caiso.com/oasisapi/SingleZip?queryname=PRC_LMP&startdatetime=20231211T00:00-0000&enddatetime=20231219T00:00-0000&version=12&market_run_id=DAM&node=TH_SP15_GEN-APND&resultformat=6,downloaded,1,9773,1c047c43c8276790b032a8fd885b3003ba810890d2fd42fe6279c76a031f4ba3,960,192,7,1,2026-08-11T16:32:55.597Z,
2023-12-18,2023-12-24,20231218T00:00-0000,20231226T00:00-0000,TH_SP15_GEN-APND,DAM,PRC_LMP,12,SP15_DAM_LMP_20231218_20231224.zip,https://oasis.caiso.com/oasisapi/SingleZip?queryname=PRC_LMP&startdatetime=20231218T00:00-0000&enddatetime=20231226T00:00-0000&version=12&market_run_id=DAM&node=TH_SP15_GEN-APND&resultformat=6,downloaded,1,9728,56ea059efc2d3285387995b9f15f9b245315b875fcb02bcd95e8234d66f8d2e8,960,192,7,1,2026-08-11T16:33:05.330Z,
2023-12-25,2023-12-31,20231225T00:00-0000,20240102T00:00-0000,TH_SP15_GEN-APND,DAM,PRC_LMP,12,SP15_DAM_LMP_20231225_20231231.zip,https://oasis.caiso.com/oasisapi/SingleZip?queryname=PRC_LMP&startdatetime=20231225T00:00-0000&enddatetime=20240102T00:00-0000&version=12&market_run_id=DAM&node=TH_SP15_GEN-APND&resultformat=6,downloaded,1,9901,d6de5a2f6773174372cb92e60a54a752f5a86c521ccdbe68fcc66a9bbf5b1b3e,960,192,7,1,2026-08-11T16:33:13.110Z,
2024-01-01,2024-01-07,20240101T00:00-0000,20240109T00:00-0000,TH_SP15_GEN-APND,DAM,PRC_LMP,12,SP15_DAM_LMP_20240101_20240107.zip,https://oasis.caiso.com/oasisapi/SingleZip?queryname=PRC_LMP&startdatetime=20240101T00:00-0000&enddatetime=20240109T00:00-0000&version=12&market_run_id=DAM&node=TH_SP15_GEN-APND&resultformat=6,downloaded,1,9970,4b61389fca2a6932368c1f7002df9a220c0ef3999d09a7dbe4b110fc0f4a5c24,960,192,7,1,2026-08-11T16:33:22.491Z,
2024-01-08,2024-01-14,20240108T00:00-0000,20240116T00:00-0000,TH_SP15_GEN-APND,DAM,PRC_LMP,12,SP15_DAM_LMP_20240108_20240114.zip,https://oasis.caiso.com/oasisapi/SingleZip?queryname=PRC_LMP&startdatetime=20240108T00:00-0000&enddatetime=20240116T00:00-0000&version=12&market_run_id=DAM&node=TH_SP15_GEN-APND&resultformat=6,downloaded,1,10156,dee65c044d31e5077e1e458e8d7502c59d45a91c3f782f59160a7ad3b80d7c8c,960,192,7,1,2026-08-11T16:33:31.246Z,
2024-01-15,2024-01-21,20240115T00:00-0000,20240123T00:00-0000,TH_SP15_GEN-APND,DAM,PRC_LMP,12,SP15_DAM_LMP_20240115_20240121.zip,https://oasis.caiso.com/oasisapi/SingleZip?queryname=PRC_LMP&startdatetime=20240115T00:00-0000&enddatetime=20240123T00:00-0000&version=12&market_run_id=DAM&node=TH_SP15_GEN-APND&resultformat=6,downloaded,1,10085,636dbd8460546199f87b51f8e2e1aa8aa977c5e90859e3a1443bf77ca368ba0b,960,192,7,1,2026-08-11T16:33:38.460Z,
2024-01-22,2024-01-28,20240122T00:00-0000,20240130T00:00-0000,TH_SP15_GEN-APND,DAM,PRC_LMP,12,SP15_DAM_LMP_20240122_20240128.zip,https://oasis.caiso.com/oasisapi/SingleZip?queryname=PRC_LMP&startdatetime=20240122T00:00-0000&enddatetime=20240130T00:00-0000&version=12&market_run_id=DAM&node=TH_SP15_GEN-APND&resultformat=6,downloaded,1,9947,c575d794e091d980bdf97b8442f534d8bcfbb53c3a1b6713bbabe8d574aab32b,960,192,7,1,2026-08-11T16:33:48.709Z,
2024-01-29,2024-02-04,20240129T00:00-0000,20240206T00:00-0000,TH_SP15_GEN-APND,DAM,PRC_LMP,12,SP15_DAM_LMP_20240129_20240204.zip,https://oasis.caiso.com/oasisapi/SingleZip?queryname=PRC_LMP&startdatetime=20240129T00:00-0000&enddatetime=20240206T00:00-0000&version=12&market_run_id=DAM&node=TH_SP15_GEN-APND&resultformat=6,downloaded,1,9996,7651a9b6d3e33f02fa3ad28713972fe223a3b88c58fcdc80a9ef0a7c72d04165,960,192,7,1,2026-08-11T16:34:01.673Z,
2024-02-05,2024-02-11,20240205T00:00-0000,20240213T00:00-0000,TH_SP15_GEN-APND,DAM,PRC_LMP,12,SP15_DAM_LMP_20240205_20240211.zip,https://oasis.caiso.com/oasisapi/SingleZip?queryname=PRC_LMP&startdatetime=20240205T00:00-0000&enddatetime=20240213T00:00-0000&version=12&market_run_id=DAM&node=TH_SP15_GEN-APND&resultformat=6,downloaded,1,10003,06c14216d68f5fbe956738449a3095016a95a03c1771b73d4f7c32f24df1f36f,960,192,7,1,2026-08-11T16:34:09.705Z,
2024-02-12,2024-02-18,20240212T00:00-0000,20240220T00:00-0000,TH_SP15_GEN-APND,DAM,PRC_LMP,12,SP15_DAM_LMP_20240212_20240218.zip,https://oasis.caiso.com/oasisapi/SingleZip?queryname=PRC_LMP&startdatetime=20240212T00:00-0000&enddatetime=20240220T00:00-0000&version=12&market_run_id=DAM&node=TH_SP15_GEN-APND&resultformat=6,downloaded,1,9902,0705ae3573ff61b4e7928c8d8f6fb076d14e096c6bcc48e8af17885955bc340c,960,192,7,1,2026-08-11T16:34:17.423Z,
2024-02-19,2024-02-25,20240219T00:00-0000,20240227T00:00-0000,TH_SP15_GEN-APND,DAM,PRC_LMP,12,SP15_DAM_LMP_20240219_20240225.zip,https://oasis.caiso.com/oasisapi/SingleZip?queryname=PRC_LMP&startdatetime=20240219T00:00-0000&enddatetime=20240227T00:00-0000&version=12&market_run_id=DAM&node=TH_SP15_GEN-APND&resultformat=6,downloaded,1,9871,efb71ec8d2f5e7eda926cf33191952fa569ba8bf12ccad87b25b4ec659d2d5ef,960,192,7,1,2026-08-11T16:34:25.217Z,
2024-02-26,2024-03-03,20240226T00:00-0000,20240305T00:00-0000,TH_SP15_GEN-APND,DAM,PRC_LMP,12,SP15_DAM_LMP_20240226_20240303.zip,https://oasis.caiso.com/oasisapi/SingleZip?queryname=PRC_LMP&startdatetime=20240226T00:00-0000&enddatetime=20240305T00:00-0000&version=12&market_run_id=DAM&node=TH_SP15_GEN-APND&resultformat=6,downloaded,1,9918,e6d08f163fd6bb700a5cbe6e19914c7d906d110ff9373af57a0815faa6fe1e60,960,192,7,1,2026-08-11T16:34:33.289Z,
2024-03-04,2024-03-10,20240304T00:00-0000,20240312T00:00-0000,TH_SP15_GEN-APND,DAM,PRC_LMP,12,SP15_DAM_LMP_20240304_20240310.zip,https://oasis.caiso.com/oasisapi/SingleZip?queryname=PRC_LMP&startdatetime=20240304T00:00-0000&enddatetime=20240312T00:00-0000&version=12&market_run_id=DAM&node=TH_SP15_GEN-APND&resultformat=6,downloaded,1,10068,512f36572722223cc744a90a891fd3e27c50e2c6db560b5539ab67eda1413d5c,960,192,7,1,2026-08-11T16:34:41.389Z,
2024-03-11,2024-03-17,20240311T00:00-0000,20240319T00:00-0000,TH_SP15_GEN-APND,DAM,PRC_LMP,12,SP15_DAM_LMP_20240311_20240317.zip,https://oasis.caiso.com/oasisapi/SingleZip?queryname=PRC_LMP&startdatetime=20240311T00:00-0000&enddatetime=20240319T00:00-0000&version=12&market_run_id=DAM&node=TH_SP15_GEN-APND&resultformat=6,downloaded,1,10038,160b29ef7d2e854a469211a2bbc24d278bbe94eb2a1a119974e3282b5f0d3416,960,192,7,1,2026-08-11T16:34:50.950Z,
2024-03-18,2024-03-24,20240318T00:00-0000,20240326T00:00-0000,TH_SP15_GEN-APND,DAM,PRC_LMP,12,SP15_DAM_LMP_20240318_20240324.zip,https://oasis.caiso.com/oasisapi/SingleZip?queryname=PRC_LMP&startdatetime=20240318T00:00-0000&enddatetime=20240326T00:00-0000&version=12&market_run_id=DAM&node=TH_SP15_GEN-APND&resultformat=6,downloaded,1,10052,67011175430d96ac05f399a24ee9cd28b2577a3c29f1cff7f09b04c8102cccc2,960,192,7,1,2026-08-11T16:34:59.012Z,
2024-03-25,2024-03-31,20240325T00:00-0000,20240402T00:00-0000,TH_SP15_GEN-APND,DAM,PRC_LMP,12,SP15_DAM_LMP_20240325_20240331.zip,https://oasis.caiso.com/oasisapi/SingleZip?queryname=PRC_LMP&startdatetime=20240325T00:00-0000&enddatetime=20240402T00:00-0000&version=12&market_run_id=DAM&node=TH_SP15_GEN-APND&resultformat=6,downloaded,1,10191,7c6069ad36f8cda549f7b03aca60ea8a4281c7454d7de1dca7caffcbbe865154,960,192,7,1,2026-08-11T16:35:06.733Z,
2024-04-01,2024-04-07,20240401T00:00-0000,20240409T00:00-0000,TH_SP15_GEN-APND,DAM,PRC_LMP,12,SP15_DAM_LMP_20240401_20240407.zip,https://oasis.caiso.com/oasisapi/SingleZip?queryname=PRC_LMP&startdatetime=20240401T00:00-0000&enddatetime=20240409T00:00-0000&version=12&market_run_id=DAM&node=TH_SP15_GEN-APND&resultformat=6,downloaded,1,10145,fa6ee2ce82efafb43a0d935e7e4e44ef07b164064b0f81d7d07bc05554d8f242,960,192,7,1,2026-08-11T16:35:14.974Z,
2024-04-08,2024-04-14,20240408T00:00-0000,20240416T00:00-0000,TH_SP15_GEN-APND,DAM,PRC_LMP,12,SP15_DAM_LMP_20240408_20240414.zip,https://oasis.caiso.com/oasisapi/SingleZip?queryname=PRC_LMP&startdatetime=20240408T00:00-0000&enddatetime=20240416T00:00-0000&version=12&market_run_id=DAM&node=TH_SP15_GEN-APND&resultformat=6,downloaded,1,10024,27a444319b48b18db0ddf9fb2f4e1db497b5a298c5ed3519500715fd3a6f8607,960,192,7,1,2026-08-11T16:35:21.960Z,
2024-04-15,2024-04-21,20240415T00:00-0000,20240423T00:00-0000,TH_SP15_GEN-APND,DAM,PRC_LMP,12,SP15_DAM_LMP_20240415_20240421.zip,https://oasis.caiso.com/oasisapi/SingleZip?queryname=PRC_LMP&startdatetime=20240415T00:00-0000&enddatetime=20240423T00:00-0000&version=12&market_run_id=DAM&node=TH_SP15_GEN-APND&resultformat=6,downloaded,1,10012,4663329dbba57525aef1cdd6c722841fb2d9bf5f9778a677a511b9f792918959,960,192,7,1,2026-08-11T16:35:34.229Z,
2024-04-22,2024-04-28,20240422T00:00-0000,20240430T00:00-0000,TH_SP15_GEN-APND,DAM,PRC_LMP,12,SP15_DAM_LMP_20240422_20240428.zip,https://oasis.caiso.com/oasisapi/SingleZip?queryname=PRC_LMP&startdatetime=20240422T00:00-0000&enddatetime=20240430T00:00-0000&version=12&market_run_id=DAM&node=TH_SP15_GEN-APND&resultformat=6,downloaded,1,9861,08e213cc29ce771389000e522c39edbf5782274ae3d69e20e7d212d1303f01f1,960,192,7,1,2026-08-11T16:35:43.020Z,
2024-04-29,2024-05-05,20240429T00:00-0000,20240507T00:00-0000,TH_SP15_GEN-APND,DAM,PRC_LMP,12,SP15_DAM_LMP_20240429_20240505.zip,https://oasis.caiso.com/oasisapi/SingleZip?queryname=PRC_LMP&startdatetime=20240429T00:00-0000&enddatetime=20240507T00:00-0000&version=12&market_run_id=DAM&node=TH_SP15_GEN-APND&resultformat=6,downloaded,1,10041,f5f6c1d161974a7faa36bc26701350e215bf87c9a710a90f3af54a9b78e94e25,960,192,7,1,2026-08-11T16:35:50.920Z,
2024-05-06,2024-05-12,20240506T00:00-0000,20240514T00:00-0000,TH_SP15_GEN-APND,DAM,PRC_LMP,12,SP15_DAM_LMP_20240506_20240512.zip,https://oasis.caiso.com/oasisapi/SingleZip?queryname=PRC_LMP&startdatetime=20240506T00:00-0000&enddatetime=20240514T00:00-0000&version=12&market_run_id=DAM&node=TH_SP15_GEN-APND&resultformat=6,downloaded,1,10058,9b4383c27c97e433c34b5ba54b5c5d7d426e351c69d64960439c51ee69bfa8da,960,192,7,1,2026-08-11T16:36:00.465Z,
2024-05-13,2024-05-19,20240513T00:00-0000,20240521T00:00-0000,TH_SP15_GEN-APND,DAM,PRC_LMP,12,SP15_DAM_LMP_20240513_20240519.zip,https://oasis.caiso.com/oasisapi/SingleZip?queryname=PRC_LMP&startdatetime=20240513T00:00-0000&enddatetime=20240521T00:00-0000&version=12&market_run_id=DAM&node=TH_SP15_GEN-APND&resultformat=6,downloaded,1,10036,b1f0e0e73e1d6ba3eb3792bf120d852e9f71b925e2023539e68c4a9e3082a4ba,960,192,7,1,2026-08-11T16:36:08.634Z,
2024-05-20,2024-05-26,20240520T00:00-0000,20240528T00:00-0000,TH_SP15_GEN-APND,DAM,PRC_LMP,12,SP15_DAM_LMP_20240520_20240526.zip,https://oasis.caiso.com/oasisapi/SingleZip?queryname=PRC_LMP&startdatetime=20240520T00:00-0000&enddatetime=20240528T00:00-0000&version=12&market_run_id=DAM&node=TH_SP15_GEN-APND&resultformat=6,downloaded,1,10062,ebfbbb363e57f8ccc9563e6746040151c595ae077671aab071b8c2b186d3e2c7,960,192,7,1,2026-08-11T16:36:16.414Z,
2024-05-27,2024-06-02,20240527T00:00-0000,20240604T00:00-0000,TH_SP15_GEN-APND,DAM,PRC_LMP,12,SP15_DAM_LMP_20240527_20240602.zip,https://oasis.caiso.com/oasisapi/SingleZip?queryname=PRC_LMP&startdatetime=20240527T00:00-0000&enddatetime=20240604T00:00-0000&version=12&market_run_id=DAM&node=TH_SP15_GEN-APND&resultformat=6,downloaded,1,10081,462c7f28d3ca779bae02ab6a38a7fc22b576726513ff7a2a22278b73c9c5a029,960,192,7,1,2026-08-11T16:36:24.580Z,
2024-06-03,2024-06-09,20240603T00:00-0000,20240611T00:00-0000,TH_SP15_GEN-APND,DAM,PRC_LMP,12,SP15_DAM_LMP_20240603_20240609.zip,https://oasis.caiso.com/oasisapi/SingleZip?queryname=PRC_LMP&startdatetime=20240603T00:00-0000&enddatetime=20240611T00:00-0000&version=12&market_run_id=DAM&node=TH_SP15_GEN-APND&resultformat=6,downloaded,1,10024,fba5b2a6c9f02596ae23fea129432079a765d0d7bb4bd38b2c51fd09e5ec2570,960,192,7,1,2026-08-11T16:36:32.809Z,
2024-06-10,2024-06-16,20240610T00:00-0000,20240618T00:00-0000,TH_SP15_GEN-APND,DAM,PRC_LMP,12,SP15_DAM_LMP_20240610_20240616.zip,https://oasis.caiso.com/oasisapi/SingleZip?queryname=PRC_LMP&startdatetime=20240610T00:00-0000&enddatetime=20240618T00:00-0000&version=12&market_run_id=DAM&node=TH_SP15_GEN-APND&resultformat=6,downloaded,1,9915,8b9f9fe375249c4672152a5ec9dadea5388cdfc08ed20bfc52eeb9864aec2d2d,960,192,7,1,2026-08-11T16:36:42.569Z,
2024-06-17,2024-06-23,20240617T00:00-0000,20240625T00:00-0000,TH_SP15_GEN-APND,DAM,PRC_LMP,12,SP15_DAM_LMP_20240617_20240623.zip,https://oasis.caiso.com/oasisapi/SingleZip?queryname=PRC_LMP&startdatetime=20240617T00:00-0000&enddatetime=20240625T00:00-0000&version=12&market_run_id=DAM&node=TH_SP15_GEN-APND&resultformat=6,downloaded,1,9939,4d765f47888ed7323fe1d7b1f2b17fbb81eee6187b984dc827a834c11851e2dc,960,192,7,1,2026-08-11T16:36:51.053Z,
2024-06-24,2024-06-30,20240624T00:00-0000,20240702T00:00-0000,TH_SP15_GEN-APND,DAM,PRC_LMP,12,SP15_DAM_LMP_20240624_20240630.zip,https://oasis.caiso.com/oasisapi/SingleZip?queryname=PRC_LMP&startdatetime=20240624T00:00-0000&enddatetime=20240702T00:00-0000&version=12&market_run_id=DAM&node=TH_SP15_GEN-APND&resultformat=6,downloaded,1,9991,7d9847ffcca58f72f92585f83392d6987c85f203b2d1087dc224fff0e85b329b,960,192,7,1,2026-08-11T16:36:58.494Z,
2024-07-01,2024-07-07,20240701T00:00-0000,20240709T00:00-0000,TH_SP15_GEN-APND,DAM,PRC_LMP,12,SP15_DAM_LMP_20240701_20240707.zip,https://oasis.caiso.com/oasisapi/SingleZip?queryname=PRC_LMP&startdatetime=20240701T00:00-0000&enddatetime=20240709T00:00-0000&version=12&market_run_id=DAM&node=TH_SP15_GEN-APND&resultformat=6,downloaded,1,10047,36e930203b74c458dd502b91f99fe6bdb7a0371cac307305acc21b2a68fecc8d,960,192,7,1,2026-08-11T16:37:06.777Z,
2024-07-08,2024-07-14,20240708T00:00-0000,20240716T00:00-0000,TH_SP15_GEN-APND,DAM,PRC_LMP,12,SP15_DAM_LMP_20240708_20240714.zip,https://oasis.caiso.com/oasisapi/SingleZip?queryname=PRC_LMP&startdatetime=20240708T00:00-0000&enddatetime=20240716T00:00-0000&version=12&market_run_id=DAM&node=TH_SP15_GEN-APND&resultformat=6,downloaded,1,10117,35afa288642d7ebec53bec66b22908ec770d7a59f453fb5129b45b3761af168b,960,192,7,1,2026-08-11T16:37:17.383Z,
2024-07-15,2024-07-21,20240715T00:00-0000,20240723T00:00-0000,TH_SP15_GEN-APND,DAM,PRC_LMP,12,SP15_DAM_LMP_20240715_20240721.zip,https://oasis.caiso.com/oasisapi/SingleZip?queryname=PRC_LMP&startdatetime=20240715T00:00-0000&enddatetime=20240723T00:00-0000&version=12&market_run_id=DAM&node=TH_SP15_GEN-APND&resultformat=6,downloaded,1,9989,bc5319261d5f32e23928cb0c19515db0f3e8d23bf538c4ac57727dee5656fcde,960,192,7,1,2026-08-11T16:37:24.933Z,
2024-07-22,2024-07-28,20240722T00:00-0000,20240730T00:00-0000,TH_SP15_GEN-APND,DAM,PRC_LMP,12,SP15_DAM_LMP_20240722_20240728.zip,https://oasis.caiso.com/oasisapi/SingleZip?queryname=PRC_LMP&startdatetime=20240722T00:00-0000&enddatetime=20240730T00:00-0000&version=12&market_run_id=DAM&node=TH_SP15_GEN-APND&resultformat=6,downloaded,1,10079,88fd5221a061a6357be6d275ae1659f08b7825fd91396c813807c1478e3c276c,960,192,7,1,2026-08-11T16:37:33.028Z,
2024-07-29,2024-08-04,20240729T00:00-0000,20240806T00:00-0000,TH_SP15_GEN-APND,DAM,PRC_LMP,12,SP15_DAM_LMP_20240729_20240804.zip,https://oasis.caiso.com/oasisapi/SingleZip?queryname=PRC_LMP&startdatetime=20240729T00:00-0000&enddatetime=20240806T00:00-0000&version=12&market_run_id=DAM&node=TH_SP15_GEN-APND&resultformat=6,downloaded,1,10086,4e7c29edc332738e9bf59461e63b0d76811178de3dba16f82b6e8ca73266530a,960,192,7,1,2026-08-11T16:37:40.078Z,
2024-08-05,2024-08-11,20240805T00:00-0000,20240813T00:00-0000,TH_SP15_GEN-APND,DAM,PRC_LMP,12,SP15_DAM_LMP_20240805_20240811.zip,https://oasis.caiso.com/oasisapi/SingleZip?queryname=PRC_LMP&startdatetime=20240805T00:00-0000&enddatetime=20240813T00:00-0000&version=12&market_run_id=DAM&node=TH_SP15_GEN-APND&resultformat=6,downloaded,1,9861,120721ea7da0f2793ad30b7367e3c6d5080c570d49bc872a7b43591eef1a9589,960,192,7,1,2026-08-11T16:37:47.262Z,
2024-08-12,2024-08-18,20240812T00:00-0000,20240820T00:00-0000,TH_SP15_GEN-APND,DAM,PRC_LMP,12,SP15_DAM_LMP_20240812_20240818.zip,https://oasis.caiso.com/oasisapi/SingleZip?queryname=PRC_LMP&startdatetime=20240812T00:00-0000&enddatetime=20240820T00:00-0000&version=12&market_run_id=DAM&node=TH_SP15_GEN-APND&resultformat=6,downloaded,1,9738,73d7651812eab46de0a249d7b7cb5c5ae5790742e7d1b2df3eb21c5fa1f4777e,960,192,7,1,2026-08-11T16:37:55.694Z,
2024-08-19,2024-08-25,20240819T00:00-0000,20240827T00:00-0000,TH_SP15_GEN-APND,DAM,PRC_LMP,12,SP15_DAM_LMP_20240819_20240825.zip,https://oasis.caiso.com/oasisapi/SingleZip?queryname=PRC_LMP&startdatetime=20240819T00:00-0000&enddatetime=20240827T00:00-0000&version=12&market_run_id=DAM&node=TH_SP15_GEN-APND&resultformat=6,downloaded,1,9789,b991fef3b598e4b041b922a3c8a015fd1578a2e4b0439084e9c167ed7a16edd1,960,192,7,1,2026-08-11T16:38:02.757Z,
2024-08-26,2024-09-01,20240826T00:00-0000,20240903T00:00-0000,TH_SP15_GEN-APND,DAM,PRC_LMP,12,SP15_DAM_LMP_20240826_20240901.zip,https://oasis.caiso.com/oasisapi/SingleZip?queryname=PRC_LMP&startdatetime=20240826T00:00-0000&enddatetime=20240903T00:00-0000&version=12&market_run_id=DAM&node=TH_SP15_GEN-APND&resultformat=6,downloaded,1,9843,0c5507d6a7f10c303335115e3f51dc1b3ec3357896ce45e619937b8c593fba62,960,192,7,1,2026-08-11T16:38:10.444Z,
2024-09-02,2024-09-08,20240902T00:00-0000,20240910T00:00-0000,TH_SP15_GEN-APND,DAM,PRC_LMP,12,SP15_DAM_LMP_20240902_20240908.zip,https://oasis.caiso.com/oasisapi/SingleZip?queryname=PRC_LMP&startdatetime=20240902T00:00-0000&enddatetime=20240910T00:00-0000&version=12&market_run_id=DAM&node=TH_SP15_GEN-APND&resultformat=6,downloaded,1,10073,c3f8c3f65a34d7c5c21a06f19f59907a20dccc56512f3c4898d908502825de54,960,192,7,1,2026-08-11T16:38:17.890Z,
2024-09-09,2024-09-15,20240909T00:00-0000,20240917T00:00-0000,TH_SP15_GEN-APND,DAM,PRC_LMP,12,SP15_DAM_LMP_20240909_20240915.zip,https://oasis.caiso.com/oasisapi/SingleZip?queryname=PRC_LMP&startdatetime=20240909T00:00-0000&enddatetime=20240917T00:00-0000&version=12&market_run_id=DAM&node=TH_SP15_GEN-APND&resultformat=6,downloaded,1,9793,da43f83fecf4e13c549ad6a5e68ebc1f73a746b90a532847e7e02033b81774fb,960,192,7,1,2026-08-11T16:38:27.882Z,
2024-09-16,2024-09-22,20240916T00:00-0000,20240924T00:00-0000,TH_SP15_GEN-APND,DAM,PRC_LMP,12,SP15_DAM_LMP_20240916_20240922.zip,https://oasis.caiso.com/oasisapi/SingleZip?queryname=PRC_LMP&startdatetime=20240916T00:00-0000&enddatetime=20240924T00:00-0000&version=12&market_run_id=DAM&node=TH_SP15_GEN-APND&resultformat=6,downloaded,1,9671,d03666fb59cb9e9ab9194bdca0bd5828adc75802916b0b3b8ca54f4af36edc69,960,192,7,1,2026-08-11T16:38:35.233Z,
2024-09-23,2024-09-29,20240923T00:00-0000,20241001T00:00-0000,TH_SP15_GEN-APND,DAM,PRC_LMP,12,SP15_DAM_LMP_20240923_20240929.zip,https://oasis.caiso.com/oasisapi/SingleZip?queryname=PRC_LMP&startdatetime=20240923T00:00-0000&enddatetime=20241001T00:00-0000&version=12&market_run_id=DAM&node=TH_SP15_GEN-APND&resultformat=6,downloaded,1,9856,b2bd5db65c6a438a927c1367c0378cce7f65212606c880dffdb4ffcd15def3f7,960,192,7,1,2026-08-11T16:38:43.786Z,
2024-09-30,2024-10-06,20240930T00:00-0000,20241008T00:00-0000,TH_SP15_GEN-APND,DAM,PRC_LMP,12,SP15_DAM_LMP_20240930_20241006.zip,https://oasis.caiso.com/oasisapi/SingleZip?queryname=PRC_LMP&startdatetime=20240930T00:00-0000&enddatetime=20241008T00:00-0000&version=12&market_run_id=DAM&node=TH_SP15_GEN-APND&resultformat=6,downloaded,1,10130,d6d0cb5fcbf809ba3e9994e344e17701cda3aa9173fbd772a7e977936ab9c38e,960,192,7,1,2026-08-11T16:38:51.522Z,
2024-10-07,2024-10-13,20241007T00:00-0000,20241015T00:00-0000,TH_SP15_GEN-APND,DAM,PRC_LMP,12,SP15_DAM_LMP_20241007_20241013.zip,https://oasis.caiso.com/oasisapi/SingleZip?queryname=PRC_LMP&startdatetime=20241007T00:00-0000&enddatetime=20241015T00:00-0000&version=12&market_run_id=DAM&node=TH_SP15_GEN-APND&resultformat=6,downloaded,1,10024,c7bd114a32206ed8861c12f5ffffcd74f32c8124f7f8768c912b51965ac812c8,960,192,7,1,2026-08-11T16:38:58.328Z,
2024-10-14,2024-10-20,20241014T00:00-0000,20241022T00:00-0000,TH_SP15_GEN-APND,DAM,PRC_LMP,12,SP15_DAM_LMP_20241014_20241020.zip,https://oasis.caiso.com/oasisapi/SingleZip?queryname=PRC_LMP&startdatetime=20241014T00:00-0000&enddatetime=20241022T00:00-0000&version=12&market_run_id=DAM&node=TH_SP15_GEN-APND&resultformat=6,downloaded,1,9817,cdc7065e59ae105c6f68287c8f5af0bf19191ec930f85b2b1131bdafdafa3202,960,192,7,1,2026-08-11T16:39:05.465Z,
2024-10-21,2024-10-27,20241021T00:00-0000,20241029T00:00-0000,TH_SP15_GEN-APND,DAM,PRC_LMP,12,SP15_DAM_LMP_20241021_20241027.zip,https://oasis.caiso.com/oasisapi/SingleZip?queryname=PRC_LMP&startdatetime=20241021T00:00-0000&enddatetime=20241029T00:00-0000&version=12&market_run_id=DAM&node=TH_SP15_GEN-APND&resultformat=6,downloaded,1,9876,48c1511e2813b167b8a0b4ec18b4bd3ccd2a29fe2b3a4e9292ffc6376f3552f0,960,192,7,1,2026-08-11T16:39:12.181Z,
2024-10-28,2024-11-03,20241028T00:00-0000,20241105T00:00-0000,TH_SP15_GEN-APND,DAM,PRC_LMP,12,SP15_DAM_LMP_20241028_20241103.zip,https://oasis.caiso.com/oasisapi/SingleZip?queryname=PRC_LMP&startdatetime=20241028T00:00-0000&enddatetime=20241105T00:00-0000&version=12&market_run_id=DAM&node=TH_SP15_GEN-APND&resultformat=6,downloaded,1,10075,16036d559b7debc4d10156d7d7f391b6cc7fa22f5cc5324c812e31fdcf1e9a8e,960,192,7,1,2026-08-11T16:39:18.832Z,
2024-11-04,2024-11-10,20241104T00:00-0000,20241112T00:00-0000,TH_SP15_GEN-APND,DAM,PRC_LMP,12,SP15_DAM_LMP_20241104_20241110.zip,https://oasis.caiso.com/oasisapi/SingleZip?queryname=PRC_LMP&startdatetime=20241104T00:00-0000&enddatetime=20241112T00:00-0000&version=12&market_run_id=DAM&node=TH_SP15_GEN-APND&resultformat=6,downloaded,1,9715,4506272ff43211371264a74ac23311868b6ee69faa1f901297af02493a30fa31,960,192,7,1,2026-08-11T16:39:27.131Z,
2024-11-11,2024-11-17,20241111T00:00-0000,20241119T00:00-0000,TH_SP15_GEN-APND,DAM,PRC_LMP,12,SP15_DAM_LMP_20241111_20241117.zip,https://oasis.caiso.com/oasisapi/SingleZip?queryname=PRC_LMP&startdatetime=20241111T00:00-0000&enddatetime=20241119T00:00-0000&version=12&market_run_id=DAM&node=TH_SP15_GEN-APND&resultformat=6,downloaded,1,9734,8825310795dc2973ca59158f98ac9b47957b59ae9d0e735aceebf82762924465,960,192,7,1,2026-08-11T16:39:35.143Z,
2024-11-18,2024-11-24,20241118T00:00-0000,20241126T00:00-0000,TH_SP15_GEN-APND,DAM,PRC_LMP,12,SP15_DAM_LMP_20241118_20241124.zip,https://oasis.caiso.com/oasisapi/SingleZip?queryname=PRC_LMP&startdatetime=20241118T00:00-0000&enddatetime=20241126T00:00-0000&version=12&market_run_id=DAM&node=TH_SP15_GEN-APND&resultformat=6,downloaded,1,9908,e1d7d8d316d97cf61361b725bf112954c4ee7662d660269fd1a5d76871eeedc4,960,192,7,1,2026-08-11T16:39:44.363Z,
2024-11-25,2024-12-01,20241125T00:00-0000,20241203T00:00-0000,TH_SP15_GEN-APND,DAM,PRC_LMP,12,SP15_DAM_LMP_20241125_20241201.zip,https://oasis.caiso.com/oasisapi/SingleZip?queryname=PRC_LMP&startdatetime=20241125T00:00-0000&enddatetime=20241203T00:00-0000&version=12&market_run_id=DAM&node=TH_SP15_GEN-APND&resultformat=6,downloaded,1,9999,20996c5973cf1c9664091f2c2bd51964ea8456a87dfbc1d69c1505ae4d622549,960,192,7,1,2026-08-11T16:39:50.386Z,
2024-12-02,2024-12-08,20241202T00:00-0000,20241210T00:00-0000,TH_SP15_GEN-APND,DAM,PRC_LMP,12,SP15_DAM_LMP_20241202_20241208.zip,https://oasis.caiso.com/oasisapi/SingleZip?queryname=PRC_LMP&startdatetime=20241202T00:00-0000&enddatetime=20241210T00:00-0000&version=12&market_run_id=DAM&node=TH_SP15_GEN-APND&resultformat=6,downloaded,1,9957,f92e173af84491b04bf06f6fe5f60dfbcdb416066dd8d6d4e5a1dde6cc97c7c5,960,192,7,1,2026-08-11T16:39:57.029Z,
2024-12-09,2024-12-15,20241209T00:00-0000,20241217T00:00-0000,TH_SP15_GEN-APND,DAM,PRC_LMP,12,SP15_DAM_LMP_20241209_20241215.zip,https://oasis.caiso.com/oasisapi/SingleZip?queryname=PRC_LMP&startdatetime=20241209T00:00-0000&enddatetime=20241217T00:00-0000&version=12&market_run_id=DAM&node=TH_SP15_GEN-APND&resultformat=6,downloaded,1,9934,65d40415af04c7ed0cf9f23d64706b85043be32fa75e264b8d3e75e90e46199e,960,192,7,1,2026-08-11T16:40:04.635Z,
2024-12-16,2024-12-22,20241216T00:00-0000,20241224T00:00-0000,TH_SP15_GEN-APND,DAM,PRC_LMP,12,SP15_DAM_LMP_20241216_20241222.zip,https://oasis.caiso.com/oasisapi/SingleZip?queryname=PRC_LMP&startdatetime=20241216T00:00-0000&enddatetime=20241224T00:00-0000&version=12&market_run_id=DAM&node=TH_SP15_GEN-APND&resultformat=6,downloaded,1,9926,2da5b37fb50cfad86f61db145940c75e52b51164ce51dd422ef7524e5d1f45d6,960,192,7,1,2026-08-11T16:40:11.913Z,
2024-12-23,2024-12-29,20241223T00:00-0000,20241231T00:00-0000,TH_SP15_GEN-APND,DAM,PRC_LMP,12,SP15_DAM_LMP_20241223_20241229.zip,https://oasis.caiso.com/oasisapi/SingleZip?queryname=PRC_LMP&startdatetime=20241223T00:00-0000&enddatetime=20241231T00:00-0000&version=12&market_run_id=DAM&node=TH_SP15_GEN-APND&resultformat=6,downloaded,1,9716,72156963df0bf4c843802c542775933562777e7dec545861ee562fde7aac3a87,960,192,7,1,2026-08-11T16:40:19.929Z,
2024-12-30,2025-01-05,20241230T00:00-0000,20250107T00:00-0000,TH_SP15_GEN-APND,DAM,PRC_LMP,12,SP15_DAM_LMP_20241230_20250105.zip,https://oasis.caiso.com/oasisapi/SingleZip?queryname=PRC_LMP&startdatetime=20241230T00:00-0000&enddatetime=20250107T00:00-0000&version=12&market_run_id=DAM&node=TH_SP15_GEN-APND&resultformat=6,downloaded,1,9986,08e2f3ed20cd0f67d088c7ab8f9d9bc4bd2535d04e7d354449436b754de0ae7b,960,192,7,1,2026-08-11T16:40:26.852Z,
2025-01-06,2025-01-12,20250106T00:00-0000,20250114T00:00-0000,TH_SP15_GEN-APND,DAM,PRC_LMP,12,SP15_DAM_LMP_20250106_20250112.zip,https://oasis.caiso.com/oasisapi/SingleZip?queryname=PRC_LMP&startdatetime=20250106T00:00-0000&enddatetime=20250114T00:00-0000&version=12&market_run_id=DAM&node=TH_SP15_GEN-APND&resultformat=6,downloaded,1,10061,37d5d54599aa7046d0624af40d885d7d0308c45cab1fab56ad48c1d827e0a669,960,192,7,1,2026-08-11T16:40:34.308Z,
2025-01-13,2025-01-19,20250113T00:00-0000,20250121T00:00-0000,TH_SP15_GEN-APND,DAM,PRC_LMP,12,SP15_DAM_LMP_20250113_20250119.zip,https://oasis.caiso.com/oasisapi/SingleZip?queryname=PRC_LMP&startdatetime=20250113T00:00-0000&enddatetime=20250121T00:00-0000&version=12&market_run_id=DAM&node=TH_SP15_GEN-APND&resultformat=6,downloaded,1,10061,4289f8b11c70d23b7b66f1255c40b0047b65f3a96e044619460f983d9cd0bffc,960,192,7,1,2026-08-11T16:40:43.126Z,
2025-01-20,2025-01-26,20250120T00:00-0000,20250128T00:00-0000,TH_SP15_GEN-APND,DAM,PRC_LMP,12,SP15_DAM_LMP_20250120_20250126.zip,https://oasis.caiso.com/oasisapi/SingleZip?queryname=PRC_LMP&startdatetime=20250120T00:00-0000&enddatetime=20250128T00:00-0000&version=12&market_run_id=DAM&node=TH_SP15_GEN-APND&resultformat=6,downloaded,1,10094,45f643f9afccd05d9c415e7d5a63a22bfc59454538fe76781a1e0ce91bdc320d,960,192,7,1,2026-08-11T16:40:49.313Z,
2025-01-27,2025-02-02,20250127T00:00-0000,20250204T00:00-0000,TH_SP15_GEN-APND,DAM,PRC_LMP,12,SP15_DAM_LMP_20250127_20250202.zip,https://oasis.caiso.com/oasisapi/SingleZip?queryname=PRC_LMP&startdatetime=20250127T00:00-0000&enddatetime=20250204T00:00-0000&version=12&market_run_id=DAM&node=TH_SP15_GEN-APND&resultformat=6,downloaded,1,10115,5d4dac9275f4e5f4182a14ee67865e49263ee8346389f31998ebea11cdb5f9a8,960,192,7,1,2026-08-11T16:40:56.532Z,
2025-02-03,2025-02-09,20250203T00:00-0000,20250211T00:00-0000,TH_SP15_GEN-APND,DAM,PRC_LMP,12,SP15_DAM_LMP_20250203_20250209.zip,https://oasis.caiso.com/oasisapi/SingleZip?queryname=PRC_LMP&startdatetime=20250203T00:00-0000&enddatetime=20250211T00:00-0000&version=12&market_run_id=DAM&node=TH_SP15_GEN-APND&resultformat=6,downloaded,1,10120,a01502f3a926a7ef696ea14bcfd32ab921fa53eabee66748d2268f6a35cc9b74,960,192,7,1,2026-08-11T16:41:03.349Z,
2025-02-10,2025-02-16,20250210T00:00-0000,20250218T00:00-0000,TH_SP15_GEN-APND,DAM,PRC_LMP,12,SP15_DAM_LMP_20250210_20250216.zip,https://oasis.caiso.com/oasisapi/SingleZip?queryname=PRC_LMP&startdatetime=20250210T00:00-0000&enddatetime=20250218T00:00-0000&version=12&market_run_id=DAM&node=TH_SP15_GEN-APND&resultformat=6,downloaded,1,10075,c3867c45d1388e6cbe067b462c2e45dd633258c03d1bf73d2baaa6a04383a12b,960,192,7,1,2026-08-11T16:41:11.757Z,
2025-02-17,2025-02-23,20250217T00:00-0000,20250225T00:00-0000,TH_SP15_GEN-APND,DAM,PRC_LMP,12,SP15_DAM_LMP_20250217_20250223.zip,https://oasis.caiso.com/oasisapi/SingleZip?queryname=PRC_LMP&startdatetime=20250217T00:00-0000&enddatetime=20250225T00:00-0000&version=12&market_run_id=DAM&node=TH_SP15_GEN-APND&resultformat=6,downloaded,1,10122,1a4e19b8def6b837e789855fd29a70ca710e279d6b6a3a7fb7810f7c1f00ad10,960,192,7,1,2026-08-11T16:41:18.473Z,
2025-02-24,2025-03-02,20250224T00:00-0000,20250304T00:00-0000,TH_SP15_GEN-APND,DAM,PRC_LMP,12,SP15_DAM_LMP_20250224_20250302.zip,https://oasis.caiso.com/oasisapi/SingleZip?queryname=PRC_LMP&startdatetime=20250224T00:00-0000&enddatetime=20250304T00:00-0000&version=12&market_run_id=DAM&node=TH_SP15_GEN-APND&resultformat=6,downloaded,1,10168,9581e8f8e4df2d0204e189d7b12f51844eddbb09bfe17971543fe512c4cdf79c,960,192,7,1,2026-08-11T16:41:27.530Z,
2025-03-03,2025-03-09,20250303T00:00-0000,20250311T00:00-0000,TH_SP15_GEN-APND,DAM,PRC_LMP,12,SP15_DAM_LMP_20250303_20250309.zip,https://oasis.caiso.com/oasisapi/SingleZip?queryname=PRC_LMP&startdatetime=20250303T00:00-0000&enddatetime=20250311T00:00-0000&version=12&market_run_id=DAM&node=TH_SP15_GEN-APND&resultformat=6,downloaded,1,10164,fb4d74f2b67d5e28db1ffaff2ef6d29bb9651e1034e19d6c3307ff48039879f7,960,192,7,1,2026-08-11T16:41:34.372Z,
2025-03-10,2025-03-16,20250310T00:00-0000,20250318T00:00-0000,TH_SP15_GEN-APND,DAM,PRC_LMP,12,SP15_DAM_LMP_20250310_20250316.zip,https://oasis.caiso.com/oasisapi/SingleZip?queryname=PRC_LMP&startdatetime=20250310T00:00-0000&enddatetime=20250318T00:00-0000&version=12&market_run_id=DAM&node=TH_SP15_GEN-APND&resultformat=6,downloaded,1,10155,10b49c90b193820c70cbc8c6a6a6365248a2a2a93fb79a86d4a594c9cb9da0e6,960,192,7,1,2026-08-11T16:41:41.205Z,
2025-03-17,2025-03-23,20250317T00:00-0000,20250325T00:00-0000,TH_SP15_GEN-APND,DAM,PRC_LMP,12,SP15_DAM_LMP_20250317_20250323.zip,https://oasis.caiso.com/oasisapi/SingleZip?queryname=PRC_LMP&startdatetime=20250317T00:00-0000&enddatetime=20250325T00:00-0000&version=12&market_run_id=DAM&node=TH_SP15_GEN-APND&resultformat=6,downloaded,1,10194,179113655282887804a33600cee63e2104c2c8788a5986d44eded583e090dedb,960,192,7,1,2026-08-11T16:41:48.575Z,
2025-03-24,2025-03-30,20250324T00:00-0000,20250401T00:00-0000,TH_SP15_GEN-APND,DAM,PRC_LMP,12,SP15_DAM_LMP_20250324_20250330.zip,https://oasis.caiso.com/oasisapi/SingleZip?queryname=PRC_LMP&startdatetime=20250324T00:00-0000&enddatetime=20250401T00:00-0000&version=12&market_run_id=DAM&node=TH_SP15_GEN-APND&resultformat=6,downloaded,1,10151,877b612fbfa1dc1d4c530473ded80f4fb5193ad2f2a865c0667fb19de0eff1ec,960,192,7,1,2026-08-11T16:41:56.070Z,
2025-03-31,2025-04-06,20250331T00:00-0000,20250408T00:00-0000,TH_SP15_GEN-APND,DAM,PRC_LMP,12,SP15_DAM_LMP_20250331_20250406.zip,https://oasis.caiso.com/oasisapi/SingleZip?queryname=PRC_LMP&startdatetime=20250331T00:00-0000&enddatetime=20250408T00:00-0000&version=12&market_run_id=DAM&node=TH_SP15_GEN-APND&resultformat=6,downloaded,1,10137,29b47e0b8e4c980dc1faea76acd9fbfe8b3fee1c29dd754cef5c4b155aaa32d9,960,192,7,1,2026-08-11T16:42:07.054Z,
2025-04-07,2025-04-13,20250407T00:00-0000,20250415T00:00-0000,TH_SP15_GEN-APND,DAM,PRC_LMP,12,SP15_DAM_LMP_20250407_20250413.zip,https://oasis.caiso.com/oasisapi/SingleZip?queryname=PRC_LMP&startdatetime=20250407T00:00-0000&enddatetime=20250415T00:00-0000&version=12&market_run_id=DAM&node=TH_SP15_GEN-APND&resultformat=6,downloaded,1,10124,4d6cdb75bc50e067179a029ba79609cfba165822304dd65037475e40131b993d,960,192,7,1,2026-08-11T16:42:14.694Z,
2025-04-14,2025-04-20,20250414T00:00-0000,20250422T00:00-0000,TH_SP15_GEN-APND,DAM,PRC_LMP,12,SP15_DAM_LMP_20250414_20250420.zip,https://oasis.caiso.com/oasisapi/SingleZip?queryname=PRC_LMP&startdatetime=20250414T00:00-0000&enddatetime=20250422T00:00-0000&version=12&market_run_id=DAM&node=TH_SP15_GEN-APND&resultformat=6,downloaded,1,10091,53b916fa338148a9be1f33e6ac74b6225f685bfaa69d30d422a62736f5012651,960,192,7,1,2026-08-11T16:42:22.156Z,
2025-04-21,2025-04-27,20250421T00:00-0000,20250429T00:00-0000,TH_SP15_GEN-APND,DAM,PRC_LMP,12,SP15_DAM_LMP_20250421_20250427.zip,https://oasis.caiso.com/oasisapi/SingleZip?queryname=PRC_LMP&startdatetime=20250421T00:00-0000&enddatetime=20250429T00:00-0000&version=12&market_run_id=DAM&node=TH_SP15_GEN-APND&resultformat=6,downloaded,1,10031,fbcc57d601da5060fec183823b6186cda467ece39d68fb9b95a0b26f9afae859,960,192,7,1,2026-08-11T16:42:30.645Z,
2025-04-28,2025-05-04,20250428T00:00-0000,20250506T00:00-0000,TH_SP15_GEN-APND,DAM,PRC_LMP,12,SP15_DAM_LMP_20250428_20250504.zip,https://oasis.caiso.com/oasisapi/SingleZip?queryname=PRC_LMP&startdatetime=20250428T00:00-0000&enddatetime=20250506T00:00-0000&version=12&market_run_id=DAM&node=TH_SP15_GEN-APND&resultformat=6,downloaded,1,9987,f28d96d9d662e58e74a942f2716bf324220cfcc4ef71663238a230f39bd1be77,960,192,7,1,2026-08-11T16:42:40.743Z,
2025-05-05,2025-05-11,20250505T00:00-0000,20250513T00:00-0000,TH_SP15_GEN-APND,DAM,PRC_LMP,12,SP15_DAM_LMP_20250505_20250511.zip,https://oasis.caiso.com/oasisapi/SingleZip?queryname=PRC_LMP&startdatetime=20250505T00:00-0000&enddatetime=20250513T00:00-0000&version=12&market_run_id=DAM&node=TH_SP15_GEN-APND&resultformat=6,downloaded,1,10009,34223249394ac78651db7a3eca374762eda4984d4688643688f0fd5f691eaf54,960,192,7,1,2026-08-11T16:42:48.135Z,
2025-05-12,2025-05-18,20250512T00:00-0000,20250520T00:00-0000,TH_SP15_GEN-APND,DAM,PRC_LMP,12,SP15_DAM_LMP_20250512_20250518.zip,https://oasis.caiso.com/oasisapi/SingleZip?queryname=PRC_LMP&startdatetime=20250512T00:00-0000&enddatetime=20250520T00:00-0000&version=12&market_run_id=DAM&node=TH_SP15_GEN-APND&resultformat=6,downloaded,1,9950,2e08e7728a930a74c2d595db87eea423be6514dbea45136a1916549303561fcd,960,192,7,1,2026-08-11T16:42:55.557Z,
2025-05-19,2025-05-25,20250519T00:00-0000,20250527T00:00-0000,TH_SP15_GEN-APND,DAM,PRC_LMP,12,SP15_DAM_LMP_20250519_20250525.zip,https://oasis.caiso.com/oasisapi/SingleZip?queryname=PRC_LMP&startdatetime=20250519T00:00-0000&enddatetime=20250527T00:00-0000&version=12&market_run_id=DAM&node=TH_SP15_GEN-APND&resultformat=6,downloaded,1,9872,3928b3c24be1d571baa56f87da6e2313c0754827c415891c2a928a7e52cd2b02,960,192,7,1,2026-08-11T16:43:04.138Z,
2025-05-26,2025-06-01,20250526T00:00-0000,20250603T00:00-0000,TH_SP15_GEN-APND,DAM,PRC_LMP,12,SP15_DAM_LMP_20250526_20250601.zip,https://oasis.caiso.com/oasisapi/SingleZip?queryname=PRC_LMP&startdatetime=20250526T00:00-0000&enddatetime=20250603T00:00-0000&version=12&market_run_id=DAM&node=TH_SP15_GEN-APND&resultformat=6,downloaded,1,10109,9bb14f4c5c49691cffa01c4dcc37208598fdf9ca72a06b3cc8c2aa0dec28a851,960,192,7,1,2026-08-11T16:43:12.799Z,
2025-06-02,2025-06-08,20250602T00:00-0000,20250610T00:00-0000,TH_SP15_GEN-APND,DAM,PRC_LMP,12,SP15_DAM_LMP_20250602_20250608.zip,https://oasis.caiso.com/oasisapi/SingleZip?queryname=PRC_LMP&startdatetime=20250602T00:00-0000&enddatetime=20250610T00:00-0000&version=12&market_run_id=DAM&node=TH_SP15_GEN-APND&resultformat=6,downloaded,1,9949,125f324b584c9fe3fa6268e8980464065c61ebcc3416fcc2dbdfaede4a223443,960,192,7,1,2026-08-11T16:43:21.153Z,
2025-06-09,2025-06-15,20250609T00:00-0000,20250617T00:00-0000,TH_SP15_GEN-APND,DAM,PRC_LMP,12,SP15_DAM_LMP_20250609_20250615.zip,https://oasis.caiso.com/oasisapi/SingleZip?queryname=PRC_LMP&startdatetime=20250609T00:00-0000&enddatetime=20250617T00:00-0000&version=12&market_run_id=DAM&node=TH_SP15_GEN-APND&resultformat=6,downloaded,1,10022,6d6c26f5976b170cf43072766fe81fecdc8221c207047be0a9a5d0e0a40846d9,960,192,7,1,2026-08-11T16:43:32.259Z,
2025-06-16,2025-06-22,20250616T00:00-0000,20250624T00:00-0000,TH_SP15_GEN-APND,DAM,PRC_LMP,12,SP15_DAM_LMP_20250616_20250622.zip,https://oasis.caiso.com/oasisapi/SingleZip?queryname=PRC_LMP&startdatetime=20250616T00:00-0000&enddatetime=20250624T00:00-0000&version=12&market_run_id=DAM&node=TH_SP15_GEN-APND&resultformat=6,downloaded,1,10017,ff57ae906185c1ad648e0f3064e84256db2c0a9ff3defcd273ab60677fc0cfe3,960,192,7,1,2026-08-11T16:43:39.935Z,
2025-06-23,2025-06-29,20250623T00:00-0000,20250701T00:00-0000,TH_SP15_GEN-APND,DAM,PRC_LMP,12,SP15_DAM_LMP_20250623_20250629.zip,https://oasis.caiso.com/oasisapi/SingleZip?queryname=PRC_LMP&startdatetime=20250623T00:00-0000&enddatetime=20250701T00:00-0000&version=12&market_run_id=DAM&node=TH_SP15_GEN-APND&resultformat=6,downloaded,1,10024,05d0b0e320f4afcff0c366d32392605063579e7f82477b4f8ed9a9a4b813dece,960,192,7,1,2026-08-11T16:43:47.054Z,
2025-06-30,2025-07-06,20250630T00:00-0000,20250708T00:00-0000,TH_SP15_GEN-APND,DAM,PRC_LMP,12,SP15_DAM_LMP_20250630_20250706.zip,https://oasis.caiso.com/oasisapi/SingleZip?queryname=PRC_LMP&startdatetime=20250630T00:00-0000&enddatetime=20250708T00:00-0000&version=12&market_run_id=DAM&node=TH_SP15_GEN-APND&resultformat=6,downloaded,1,10077,ab90a678c2aa80a6fd0c22930be27d5c3452b48d1289ce3c86264d1f171abec4,960,192,7,1,2026-08-11T16:43:54.529Z,
2025-07-07,2025-07-13,20250707T00:00-0000,20250715T00:00-0000,TH_SP15_GEN-APND,DAM,PRC_LMP,12,SP15_DAM_LMP_20250707_20250713.zip,https://oasis.caiso.com/oasisapi/SingleZip?queryname=PRC_LMP&startdatetime=20250707T00:00-0000&enddatetime=20250715T00:00-0000&version=12&market_run_id=DAM&node=TH_SP15_GEN-APND&resultformat=6,downloaded,1,10045,f8618d8e1fd18803cfef764fb37c24b7710ec8f598f0e8e611bce1c999328bd8,960,192,7,1,2026-08-11T16:44:05.461Z,
2025-07-14,2025-07-20,20250714T00:00-0000,20250722T00:00-0000,TH_SP15_GEN-APND,DAM,PRC_LMP,12,SP15_DAM_LMP_20250714_20250720.zip,https://oasis.caiso.com/oasisapi/SingleZip?queryname=PRC_LMP&startdatetime=20250714T00:00-0000&enddatetime=20250722T00:00-0000&version=12&market_run_id=DAM&node=TH_SP15_GEN-APND&resultformat=6,downloaded,1,9941,8cddd4c66b456feaefe3f8eecbb4b7fabb8f8a812fb19a9fd1c469ba2863c4e3,960,192,7,1,2026-08-11T16:44:12.708Z,
2025-07-21,2025-07-27,20250721T00:00-0000,20250729T00:00-0000,TH_SP15_GEN-APND,DAM,PRC_LMP,12,SP15_DAM_LMP_20250721_20250727.zip,https://oasis.caiso.com/oasisapi/SingleZip?queryname=PRC_LMP&startdatetime=20250721T00:00-0000&enddatetime=20250729T00:00-0000&version=12&market_run_id=DAM&node=TH_SP15_GEN-APND&resultformat=6,downloaded,1,9901,d0dc096dad58ca3ab4556adf3586bc130fd038c05b913801a20db573e0a44de8,960,192,7,1,2026-08-11T16:44:19.572Z,
2025-07-28,2025-08-03,20250728T00:00-0000,20250805T00:00-0000,TH_SP15_GEN-APND,DAM,PRC_LMP,12,SP15_DAM_LMP_20250728_20250803.zip,https://oasis.caiso.com/oasisapi/SingleZip?queryname=PRC_LMP&startdatetime=20250728T00:00-0000&enddatetime=20250805T00:00-0000&version=12&market_run_id=DAM&node=TH_SP15_GEN-APND&resultformat=6,downloaded,1,10070,f6e0859e06bef16728fcebf8715e6437dd25d81d7462ab64e5814534e306ddfd,960,192,7,1,2026-08-11T16:44:33.347Z,
2025-08-04,2025-08-10,20250804T00:00-0000,20250812T00:00-0000,TH_SP15_GEN-APND,DAM,PRC_LMP,12,SP15_DAM_LMP_20250804_20250810.zip,https://oasis.caiso.com/oasisapi/SingleZip?queryname=PRC_LMP&startdatetime=20250804T00:00-0000&enddatetime=20250812T00:00-0000&version=12&market_run_id=DAM&node=TH_SP15_GEN-APND&resultformat=6,downloaded,1,9931,a70ef820dfbd26a75a84952be87c84d7d535cdd8052cbd05871029f14310525f,960,192,7,1,2026-08-11T16:44:41.854Z,
2025-08-11,2025-08-17,20250811T00:00-0000,20250819T00:00-0000,TH_SP15_GEN-APND,DAM,PRC_LMP,12,SP15_DAM_LMP_20250811_20250817.zip,https://oasis.caiso.com/oasisapi/SingleZip?queryname=PRC_LMP&startdatetime=20250811T00:00-0000&enddatetime=20250819T00:00-0000&version=12&market_run_id=DAM&node=TH_SP15_GEN-APND&resultformat=6,downloaded,1,9946,bcab0fa7c1299792a70541b1e295f86309e6f57ce529df58c8c6955d7656c10f,960,192,7,1,2026-08-11T16:44:53.249Z,
2025-08-18,2025-08-24,20250818T00:00-0000,20250826T00:00-0000,TH_SP15_GEN-APND,DAM,PRC_LMP,12,SP15_DAM_LMP_20250818_20250824.zip,https://oasis.caiso.com/oasisapi/SingleZip?queryname=PRC_LMP&startdatetime=20250818T00:00-0000&enddatetime=20250826T00:00-0000&version=12&market_run_id=DAM&node=TH_SP15_GEN-APND&resultformat=6,downloaded,1,9743,6760f82b9906a4e7713254b4c5dac2d2a5da3a5fa5afa25aa8aa1ed3fbb77e24,960,192,7,1,2026-08-11T16:45:07.457Z,
2025-08-25,2025-08-31,20250825T00:00-0000,20250902T00:00-0000,TH_SP15_GEN-APND,DAM,PRC_LMP,12,SP15_DAM_LMP_20250825_20250831.zip,https://oasis.caiso.com/oasisapi/SingleZip?queryname=PRC_LMP&startdatetime=20250825T00:00-0000&enddatetime=20250902T00:00-0000&version=12&market_run_id=DAM&node=TH_SP15_GEN-APND&resultformat=6,downloaded,1,9980,c0ac8c6213b0f739a88ac25e1d71781076140ff6defaf3d4eadc15600f2b3a43,960,192,7,1,2026-08-11T16:45:14.965Z,
2025-09-01,2025-09-07,20250901T00:00-0000,20250909T00:00-0000,TH_SP15_GEN-APND,DAM,PRC_LMP,12,SP15_DAM_LMP_20250901_20250907.zip,https://oasis.caiso.com/oasisapi/SingleZip?queryname=PRC_LMP&startdatetime=20250901T00:00-0000&enddatetime=20250909T00:00-0000&version=12&market_run_id=DAM&node=TH_SP15_GEN-APND&resultformat=6,downloaded,1,10110,0baf834dc88be9477930dcf7e0b32f065e6fee90d252ca0e0901054355ca9c00,960,192,7,1,2026-08-11T16:45:21.906Z,
2025-09-08,2025-09-14,20250908T00:00-0000,20250916T00:00-0000,TH_SP15_GEN-APND,DAM,PRC_LMP,12,SP15_DAM_LMP_20250908_20250914.zip,https://oasis.caiso.com/oasisapi/SingleZip?queryname=PRC_LMP&startdatetime=20250908T00:00-0000&enddatetime=20250916T00:00-0000&version=12&market_run_id=DAM&node=TH_SP15_GEN-APND&resultformat=6,downloaded,1,9957,6a1f8517d6ff200ae8cdf16dc3c8dc86897944b6ee73dac56f11ccb59f3dbde8,960,192,7,1,2026-08-11T16:45:29.301Z,
2025-09-15,2025-09-21,20250915T00:00-0000,20250923T00:00-0000,TH_SP15_GEN-APND,DAM,PRC_LMP,12,SP15_DAM_LMP_20250915_20250921.zip,https://oasis.caiso.com/oasisapi/SingleZip?queryname=PRC_LMP&startdatetime=20250915T00:00-0000&enddatetime=20250923T00:00-0000&version=12&market_run_id=DAM&node=TH_SP15_GEN-APND&resultformat=6,downloaded,1,9983,ae95e225a822c1c59c550c09aab0a15e763512509879112650d442c8e346a955,960,192,7,1,2026-08-11T16:45:39.817Z,
2025-09-22,2025-09-28,20250922T00:00-0000,20250930T00:00-0000,TH_SP15_GEN-APND,DAM,PRC_LMP,12,SP15_DAM_LMP_20250922_20250928.zip,https://oasis.caiso.com/oasisapi/SingleZip?queryname=PRC_LMP&startdatetime=20250922T00:00-0000&enddatetime=20250930T00:00-0000&version=12&market_run_id=DAM&node=TH_SP15_GEN-APND&resultformat=6,downloaded,1,9971,d3e18f6a1c6b2fec3a2cae8ec5e2c7c673d1aac1a4b65763413b72b35c9f4ef8,960,192,7,1,2026-08-11T16:45:47.153Z,
2025-09-29,2025-10-05,20250929T00:00-0000,20251007T00:00-0000,TH_SP15_GEN-APND,DAM,PRC_LMP,12,SP15_DAM_LMP_20250929_20251005.zip,https://oasis.caiso.com/oasisapi/SingleZip?queryname=PRC_LMP&startdatetime=20250929T00:00-0000&enddatetime=20251007T00:00-0000&version=12&market_run_id=DAM&node=TH_SP15_GEN-APND&resultformat=6,downloaded,1,10116,be4221b91fa9454be378fbf1f33ca767648cd87dc0bb7fe56059efcf61aff35d,960,192,7,1,2026-08-11T16:45:55.250Z,
2025-10-06,2025-10-12,20251006T00:00-0000,20251014T00:00-0000,TH_SP15_GEN-APND,DAM,PRC_LMP,12,SP15_DAM_LMP_20251006_20251012.zip,https://oasis.caiso.com/oasisapi/SingleZip?queryname=PRC_LMP&startdatetime=20251006T00:00-0000&enddatetime=20251014T00:00-0000&version=12&market_run_id=DAM&node=TH_SP15_GEN-APND&resultformat=6,downloaded,1,9997,8be4477df5b3a8083f3cdd7b3f3ee8672b46eb7cdffe41a6c372e2e886c61fa9,960,192,7,1,2026-08-11T16:46:03.766Z,
2025-10-13,2025-10-19,20251013T00:00-0000,20251021T00:00-0000,TH_SP15_GEN-APND,DAM,PRC_LMP,12,SP15_DAM_LMP_20251013_20251019.zip,https://oasis.caiso.com/oasisapi/SingleZip?queryname=PRC_LMP&startdatetime=20251013T00:00-0000&enddatetime=20251021T00:00-0000&version=12&market_run_id=DAM&node=TH_SP15_GEN-APND&resultformat=6,downloaded,1,10072,fc5707acddadeed5096c5057b275d64ee43a91f254740d1bd4cb7fcef886a7fd,960,192,7,1,2026-08-11T16:46:11.454Z,
2025-10-20,2025-10-26,20251020T00:00-0000,20251028T00:00-0000,TH_SP15_GEN-APND,DAM,PRC_LMP,12,SP15_DAM_LMP_20251020_20251026.zip,https://oasis.caiso.com/oasisapi/SingleZip?queryname=PRC_LMP&startdatetime=20251020T00:00-0000&enddatetime=20251028T00:00-0000&version=12&market_run_id=DAM&node=TH_SP15_GEN-APND&resultformat=6,downloaded,1,10077,862d141d11755b6aa1f62fc55360cafafb9cef1c0650f01df243065b637b338a,960,192,7,1,2026-08-11T16:46:21.048Z,
2025-10-27,2025-11-02,20251027T00:00-0000,20251104T00:00-0000,TH_SP15_GEN-APND,DAM,PRC_LMP,12,SP15_DAM_LMP_20251027_20251102.zip,https://oasis.caiso.com/oasisapi/SingleZip?queryname=PRC_LMP&startdatetime=20251027T00:00-0000&enddatetime=20251104T00:00-0000&version=12&market_run_id=DAM&node=TH_SP15_GEN-APND&resultformat=6,downloaded,1,10077,503485c6cda0600ee8d73c90089a15c1f2294d0a21131d1c308ccd1e430d67c9,960,192,7,1,2026-08-11T16:46:36.317Z,
2025-11-03,2025-11-09,20251103T00:00-0000,20251111T00:00-0000,TH_SP15_GEN-APND,DAM,PRC_LMP,12,SP15_DAM_LMP_20251103_20251109.zip,https://oasis.caiso.com/oasisapi/SingleZip?queryname=PRC_LMP&startdatetime=20251103T00:00-0000&enddatetime=20251111T00:00-0000&version=12&market_run_id=DAM&node=TH_SP15_GEN-APND&resultformat=6,downloaded,1,9968,1d0d4d467dfce4155215f0df626afc4e88793744a4fe80b2842aeb1338a9836c,960,192,7,1,2026-08-11T16:46:43.138Z,
2025-11-10,2025-11-16,20251110T00:00-0000,20251118T00:00-0000,TH_SP15_GEN-APND,DAM,PRC_LMP,12,SP15_DAM_LMP_20251110_20251116.zip,https://oasis.caiso.com/oasisapi/SingleZip?queryname=PRC_LMP&startdatetime=20251110T00:00-0000&enddatetime=20251118T00:00-0000&version=12&market_run_id=DAM&node=TH_SP15_GEN-APND&resultformat=6,downloaded,1,10008,c0b184e075a0d0e7e33bd75bff4ac38cb3cede6d1fd9bb72aa2ec00c83105363,960,192,7,1,2026-08-11T16:46:53.423Z,
2025-11-17,2025-11-23,20251117T00:00-0000,20251125T00:00-0000,TH_SP15_GEN-APND,DAM,PRC_LMP,12,SP15_DAM_LMP_20251117_20251123.zip,https://oasis.caiso.com/oasisapi/SingleZip?queryname=PRC_LMP&startdatetime=20251117T00:00-0000&enddatetime=20251125T00:00-0000&version=12&market_run_id=DAM&node=TH_SP15_GEN-APND&resultformat=6,downloaded,1,10065,ea9bea1a4d94ac48fdf0f607b45211e90d401e933a019696e76bef72421c25db,960,192,7,1,2026-08-11T16:47:01.931Z,
2025-11-24,2025-11-30,20251124T00:00-0000,20251202T00:00-0000,TH_SP15_GEN-APND,DAM,PRC_LMP,12,SP15_DAM_LMP_20251124_20251130.zip,https://oasis.caiso.com/oasisapi/SingleZip?queryname=PRC_LMP&startdatetime=20251124T00:00-0000&enddatetime=20251202T00:00-0000&version=12&market_run_id=DAM&node=TH_SP15_GEN-APND&resultformat=6,downloaded,1,10102,ef794b26bf2e23f62d7852065a86446d87ceb658e504954e23183a8b4647c93b,960,192,7,1,2026-08-11T16:47:09.712Z,
2025-12-01,2025-12-07,20251201T00:00-0000,20251209T00:00-0000,TH_SP15_GEN-APND,DAM,PRC_LMP,12,SP15_DAM_LMP_20251201_20251207.zip,https://oasis.caiso.com/oasisapi/SingleZip?queryname=PRC_LMP&startdatetime=20251201T00:00-0000&enddatetime=20251209T00:00-0000&version=12&market_run_id=DAM&node=TH_SP15_GEN-APND&resultformat=6,downloaded,1,10029,40e96db9965f6a55118003f611861d53b2a40738f7652a6230b07e9549e59e22,960,192,7,1,2026-08-11T16:47:16.794Z,
2025-12-08,2025-12-14,20251208T00:00-0000,20251216T00:00-0000,TH_SP15_GEN-APND,DAM,PRC_LMP,12,SP15_DAM_LMP_20251208_20251214.zip,https://oasis.caiso.com/oasisapi/SingleZip?queryname=PRC_LMP&startdatetime=20251208T00:00-0000&enddatetime=20251216T00:00-0000&version=12&market_run_id=DAM&node=TH_SP15_GEN-APND&resultformat=6,downloaded,1,9951,6ad3b3fc5d358aba0eff2ecf40e4180eb0a8926d30f4a6a0e1978988cbc7cef8,960,192,7,1,2026-08-11T16:47:27.481Z,
2025-12-15,2025-12-21,20251215T00:00-0000,20251223T00:00-0000,TH_SP15_GEN-APND,DAM,PRC_LMP,12,SP15_DAM_LMP_20251215_20251221.zip,https://oasis.caiso.com/oasisapi/SingleZip?queryname=PRC_LMP&startdatetime=20251215T00:00-0000&enddatetime=20251223T00:00-0000&version=12&market_run_id=DAM&node=TH_SP15_GEN-APND&resultformat=6,downloaded,1,9894,0397beb9ce6d45da49f12e0ae6d696a5654383c38f5d921eecbad0a11f4597b0,960,192,7,1,2026-08-11T16:47:36.774Z,
2025-12-22,2025-12-28,20251222T00:00-0000,20251230T00:00-0000,TH_SP15_GEN-APND,DAM,PRC_LMP,12,SP15_DAM_LMP_20251222_20251228.zip,https://oasis.caiso.com/oasisapi/SingleZip?queryname=PRC_LMP&startdatetime=20251222T00:00-0000&enddatetime=20251230T00:00-0000&version=12&market_run_id=DAM&node=TH_SP15_GEN-APND&resultformat=6,downloaded,1,9925,40608f0e29221c7a9f6a1955a4a9af3cffa4a87f9f7873f5207d8b6452c9b4bb,960,192,7,1,2026-08-11T16:47:47.605Z,
2025-12-29,2025-12-31,20251229T00:00-0000,20260102T00:00-0000,TH_SP15_GEN-APND,DAM,PRC_LMP,12,SP15_DAM_LMP_20251229_20251231.zip,https://oasis.caiso.com/oasisapi/SingleZip?queryname=PRC_LMP&startdatetime=20251229T00:00-0000&enddatetime=20260102T00:00-0000&version=12&market_run_id=DAM&node=TH_SP15_GEN-APND&resultformat=6,downloaded,1,5256,6b96b0c85d20b8d7b2a72ed0ebe59d03962f0ef44548c3bba808c7a090b0854b,480,96,3,1,2026-08-11T16:47:54.500Z,
