source_file,official_query_url,downloaded_at,download_timestamp_timezone,timestamp_basis,uncompressed_bytes,sha256
20230501_20230601_PRC_FUEL_N_20260811_10_41_03_v1.csv,https://oasis.caiso.com/oasisapi/SingleZip?queryname=PRC_FUEL&startdatetime=20230501T00%3A00-0000&enddatetime=20230601T00%3A00-0000&version=1&resultformat=6,2026-08-11T10:41:03,NOT_RECORDED,embedded in retained source filename,11958061,dd91df1cdf12f007e7569a0d1a4bdfd80acef8f5424c60f81f47575932411732
20230601_20230701_PRC_FUEL_N_20260811_10_41_12_v1.csv,https://oasis.caiso.com/oasisapi/SingleZip?queryname=PRC_FUEL&startdatetime=20230601T00%3A00-0000&enddatetime=20230701T00%3A00-0000&version=1&resultformat=6,2026-08-11T10:41:12,NOT_RECORDED,embedded in retained source filename,11569702,db4684bd45be9ad9ea09b126ee0e55929a3860f30f6597ebdadfb39a94853337
20230701_20230801_PRC_FUEL_N_20260811_10_41_23_v1.csv,https://oasis.caiso.com/oasisapi/SingleZip?queryname=PRC_FUEL&startdatetime=20230701T00%3A00-0000&enddatetime=20230801T00%3A00-0000&version=1&resultformat=6,2026-08-11T10:41:23,NOT_RECORDED,embedded in retained source filename,11963845,ae239efdf68c7a247b5e237ea95d8e003e1e512a33cc255c2c5b9b87fb60432a
20230801_20230901_PRC_FUEL_N_20260811_10_41_31_v1.csv,https://oasis.caiso.com/oasisapi/SingleZip?queryname=PRC_FUEL&startdatetime=20230801T00%3A00-0000&enddatetime=20230901T00%3A00-0000&version=1&resultformat=6,2026-08-11T10:41:31,NOT_RECORDED,embedded in retained source filename,12164542,ee8de69086c20e2bb4ac68a98892489b6fb261f69e47ed149c191efc65b9fb1e
20230901_20231001_PRC_FUEL_N_20260811_10_41_41_v1.csv,https://oasis.caiso.com/oasisapi/SingleZip?queryname=PRC_FUEL&startdatetime=20230901T00%3A00-0000&enddatetime=20231001T00%3A00-0000&version=1&resultformat=6,2026-08-11T10:41:41,NOT_RECORDED,embedded in retained source filename,11776996,b24f61e9aef4927439e91ae580980984c8a38847d1649ec6e628ddab2996f727
20231001_20231101_PRC_FUEL_N_20260811_10_41_58_v1.csv,https://oasis.caiso.com/oasisapi/SingleZip?queryname=PRC_FUEL&startdatetime=20231001T00%3A00-0000&enddatetime=20231101T00%3A00-0000&version=1&resultformat=6,2026-08-11T10:41:58,NOT_RECORDED,embedded in retained source filename,12179824,ff64e2bf146ed349e6edd1a23dc6b5502321357aff91570f99f9d169c52ea385
20231101_20231201_PRC_FUEL_N_20260811_10_42_07_v1.csv,https://oasis.caiso.com/oasisapi/SingleZip?queryname=PRC_FUEL&startdatetime=20231101T00%3A00-0000&enddatetime=20231201T00%3A00-0000&version=1&resultformat=6,2026-08-11T10:42:07,NOT_RECORDED,embedded in retained source filename,11832231,40b1db19b6ecdbb0b172c63b1f92134ff5909785186289bc13239566827b304f
20231201_20240101_PRC_FUEL_N_20260811_10_42_17_v1.csv,https://oasis.caiso.com/oasisapi/SingleZip?queryname=PRC_FUEL&startdatetime=20231201T00%3A00-0000&enddatetime=20240101T00%3A00-0000&version=1&resultformat=6,2026-08-11T10:42:17,NOT_RECORDED,embedded in retained source filename,12331882,ccfc272538fb72c6d42d999cdcae21ce67a2d121194a03c62598f19332a140ce
20240101_20240201_PRC_FUEL_N_20260811_10_42_29_v1.csv,https://oasis.caiso.com/oasisapi/SingleZip?queryname=PRC_FUEL&startdatetime=20240101T00%3A00-0000&enddatetime=20240201T00%3A00-0000&version=1&resultformat=6,2026-08-11T10:42:29,NOT_RECORDED,embedded in retained source filename,12473476,c08c98697c6bb0c40e4f6920d45513a611c6f8b674be7457c9a50fa3bc145514
20240201_20240301_PRC_FUEL_N_20260811_10_42_39_v1.csv,https://oasis.caiso.com/oasisapi/SingleZip?queryname=PRC_FUEL&startdatetime=20240201T00%3A00-0000&enddatetime=20240301T00%3A00-0000&version=1&resultformat=6,2026-08-11T10:42:39,NOT_RECORDED,embedded in retained source filename,11648836,be32a229f8fe05b7c5f6a76afac08708e3871cf79aaaf3a5dd3629e6391baf01
20240301_20240401_PRC_FUEL_N_20260811_10_42_49_v1.csv,https://oasis.caiso.com/oasisapi/SingleZip?queryname=PRC_FUEL&startdatetime=20240301T00%3A00-0000&enddatetime=20240401T00%3A00-0000&version=1&resultformat=6,2026-08-11T10:42:49,NOT_RECORDED,embedded in retained source filename,12438240,32f591d6091e00268c7cca2706c0516ec1b64dc9b1931e8c17d10e90558f3f59
20240401_20240501_PRC_FUEL_N_20260811_10_43_02_v1.csv,https://oasis.caiso.com/oasisapi/SingleZip?queryname=PRC_FUEL&startdatetime=20240401T00%3A00-0000&enddatetime=20240501T00%3A00-0000&version=1&resultformat=6,2026-08-11T10:43:02,NOT_RECORDED,embedded in retained source filename,12087085,d30c711a1782b59af8ac4f0eca7667fe6a5c7d69204e7255e96e64eca9a3e739
20240501_20240601_PRC_FUEL_N_20260811_10_43_15_v1.csv,https://oasis.caiso.com/oasisapi/SingleZip?queryname=PRC_FUEL&startdatetime=20240501T00%3A00-0000&enddatetime=20240601T00%3A00-0000&version=1&resultformat=6,2026-08-11T10:43:15,NOT_RECORDED,embedded in retained source filename,12654679,dfcbb4385b0f92779ec3a869e469b333f6f4043188ca90745402a92d84f31598
20240601_20240701_PRC_FUEL_N_20260811_10_43_25_v1.csv,https://oasis.caiso.com/oasisapi/SingleZip?queryname=PRC_FUEL&startdatetime=20240601T00%3A00-0000&enddatetime=20240701T00%3A00-0000&version=1&resultformat=6,2026-08-11T10:43:25,NOT_RECORDED,embedded in retained source filename,12247882,25cf556fff271ffc15ecef0aead1fd03eed41be95e5749787996caacb7bb6f25
20240701_20240801_PRC_FUEL_N_20260811_10_43_34_v1.csv,https://oasis.caiso.com/oasisapi/SingleZip?queryname=PRC_FUEL&startdatetime=20240701T00%3A00-0000&enddatetime=20240801T00%3A00-0000&version=1&resultformat=6,2026-08-11T10:43:34,NOT_RECORDED,embedded in retained source filename,12659983,9bc552b72ca3f60e3441f6b8359f7f48b6e9d3d4bfa32149b367dbd43bcf4d8e
20240801_20240901_PRC_FUEL_N_20260811_10_43_44_v1.csv,https://oasis.caiso.com/oasisapi/SingleZip?queryname=PRC_FUEL&startdatetime=20240801T00%3A00-0000&enddatetime=20240901T00%3A00-0000&version=1&resultformat=6,2026-08-11T10:43:44,NOT_RECORDED,embedded in retained source filename,12662479,37fc64d766582f8919f1fe6e2e1bb4165af6fcb3fb56f2c1181be19561730777
20240901_20241001_PRC_FUEL_N_20260811_10_43_54_v1.csv,https://oasis.caiso.com/oasisapi/SingleZip?queryname=PRC_FUEL&startdatetime=20240901T00%3A00-0000&enddatetime=20241001T00%3A00-0000&version=1&resultformat=6,2026-08-11T10:43:54,NOT_RECORDED,embedded in retained source filename,12248554,8eb76caa9e4536d45bb1fdc96e5d4c6af452ec59841e49834b328ad56d163a64
20241001_20241101_PRC_FUEL_N_20260811_10_44_04_v1.csv,https://oasis.caiso.com/oasisapi/SingleZip?queryname=PRC_FUEL&startdatetime=20241001T00%3A00-0000&enddatetime=20241101T00%3A00-0000&version=1&resultformat=6,2026-08-11T10:44:04,NOT_RECORDED,embedded in retained source filename,12657463,03c278e905f457298dc6f5e85ddfdbe076960b4a4f8511f1478fe70227645bbf
20241101_20241201_PRC_FUEL_N_20260811_10_44_14_v1.csv,https://oasis.caiso.com/oasisapi/SingleZip?queryname=PRC_FUEL&startdatetime=20241101T00%3A00-0000&enddatetime=20241201T00%3A00-0000&version=1&resultformat=6,2026-08-11T10:44:14,NOT_RECORDED,embedded in retained source filename,12275951,1261955617ca444f004b86822f6d30b1dbef938729345d3ee2d5d1484a6ef1a5
20241201_20250101_PRC_FUEL_N_20260811_10_44_23_v1.csv,https://oasis.caiso.com/oasisapi/SingleZip?queryname=PRC_FUEL&startdatetime=20241201T00%3A00-0000&enddatetime=20250101T00%3A00-0000&version=1&resultformat=6,2026-08-11T10:44:23,NOT_RECORDED,embedded in retained source filename,12717880,c4099fc9e4970c59a60178f4539f0ff13317b0f8e75b946a1e9d169a855ee10e
20250101_20250201_PRC_FUEL_N_20260811_10_44_33_v1.csv,https://oasis.caiso.com/oasisapi/SingleZip?queryname=PRC_FUEL&startdatetime=20250101T00%3A00-0000&enddatetime=20250201T00%3A00-0000&version=1&resultformat=6,2026-08-11T10:44:33,NOT_RECORDED,embedded in retained source filename,12723688,c0e4763d9a4c42e306613dd59e8b77b8b7c6eb2ca7235319a9876d5a71d90f06
20250201_20250301_PRC_FUEL_N_20260811_10_44_43_v1.csv,https://oasis.caiso.com/oasisapi/SingleZip?queryname=PRC_FUEL&startdatetime=20250201T00%3A00-0000&enddatetime=20250301T00%3A00-0000&version=1&resultformat=6,2026-08-11T10:44:43,NOT_RECORDED,embedded in retained source filename,11487556,a68037aa9b097e6c5bbdd2fc79358fc0d4f572ef5dc715893cda08092423f913
20250301_20250401_PRC_FUEL_N_20260811_10_44_54_v1.csv,https://oasis.caiso.com/oasisapi/SingleZip?queryname=PRC_FUEL&startdatetime=20250301T00%3A00-0000&enddatetime=20250401T00%3A00-0000&version=1&resultformat=6,2026-08-11T10:44:54,NOT_RECORDED,embedded in retained source filename,12751697,2a0070a1950b14a0fecdfe779b9da0313027825bfb0df96921717df546c28105
20250401_20250501_PRC_FUEL_N_20260811_10_45_04_v1.csv,https://oasis.caiso.com/oasisapi/SingleZip?queryname=PRC_FUEL&startdatetime=20250401T00%3A00-0000&enddatetime=20250501T00%3A00-0000&version=1&resultformat=6,2026-08-11T10:45:04,NOT_RECORDED,embedded in retained source filename,12379798,2ae2fef5ebd6177626a95aa9c3a20bc437af83604867fa8a0f117abcbcd533c6
20250501_20250601_PRC_FUEL_N_20260811_10_45_16_v1.csv,https://oasis.caiso.com/oasisapi/SingleZip?queryname=PRC_FUEL&startdatetime=20250501T00%3A00-0000&enddatetime=20250601T00%3A00-0000&version=1&resultformat=6,2026-08-11T10:45:16,NOT_RECORDED,embedded in retained source filename,12789025,28b524356c7ca1719b4cd110e026bcc9c68843d3d4eb05f0f2a4b5a7d96ccefe
20250601_20250701_PRC_FUEL_N_20260811_10_45_25_v1.csv,https://oasis.caiso.com/oasisapi/SingleZip?queryname=PRC_FUEL&startdatetime=20250601T00%3A00-0000&enddatetime=20250701T00%3A00-0000&version=1&resultformat=6,2026-08-11T10:45:25,NOT_RECORDED,embedded in retained source filename,12379366,b2f2a16c795fbb0e97ab811c5770a8aba62277eb8d53ca137cbc1f5be2d2dd60
20250701_20250801_PRC_FUEL_N_20260811_10_45_34_v1.csv,https://oasis.caiso.com/oasisapi/SingleZip?queryname=PRC_FUEL&startdatetime=20250701T00%3A00-0000&enddatetime=20250801T00%3A00-0000&version=1&resultformat=6,2026-08-11T10:45:34,NOT_RECORDED,embedded in retained source filename,12793633,eb8810b9266df9e321f729d3c4c9eb1f4ee667d19cc2732290d177dde2627be5
20250801_20250901_PRC_FUEL_N_20260811_10_45_45_v1.csv,https://oasis.caiso.com/oasisapi/SingleZip?queryname=PRC_FUEL&startdatetime=20250801T00%3A00-0000&enddatetime=20250901T00%3A00-0000&version=1&resultformat=6,2026-08-11T10:45:45,NOT_RECORDED,embedded in retained source filename,12794881,84ede56638b9e1d0dc30949eea095fb609f62d03223476b827bdf9116a04a08e
20250901_20251001_PRC_FUEL_N_20260811_10_45_58_v1.csv,https://oasis.caiso.com/oasisapi/SingleZip?queryname=PRC_FUEL&startdatetime=20250901T00%3A00-0000&enddatetime=20251001T00%3A00-0000&version=1&resultformat=6,2026-08-11T10:45:58,NOT_RECORDED,embedded in retained source filename,12443956,4a36dc0cae241e75a46a5e7bacc300704684751b58fa35cb200f8070c662dfa5
20251001_20251101_PRC_FUEL_N_20260811_10_46_07_v1.csv,https://oasis.caiso.com/oasisapi/SingleZip?queryname=PRC_FUEL&startdatetime=20251001T00%3A00-0000&enddatetime=20251101T00%3A00-0000&version=1&resultformat=6,2026-08-11T10:46:07,NOT_RECORDED,embedded in retained source filename,12863554,34830cdc70bcbc356b41c717d8368da39ec0bc75d8f78b593653e68765d7e8e4
20251101_20251201_PRC_FUEL_N_20260811_10_46_23_v1.csv,https://oasis.caiso.com/oasisapi/SingleZip?queryname=PRC_FUEL&startdatetime=20251101T00%3A00-0000&enddatetime=20251201T00%3A00-0000&version=1&resultformat=6,2026-08-11T10:46:23,NOT_RECORDED,embedded in retained source filename,12465705,6dda21b0ec15cac6fa2f75d1820644bfce54cf54843988e3323894a7302492e4
20251201_20260101_PRC_FUEL_N_20260811_10_46_33_v1.csv,https://oasis.caiso.com/oasisapi/SingleZip?queryname=PRC_FUEL&startdatetime=20251201T00%3A00-0000&enddatetime=20260101T00%3A00-0000&version=1&resultformat=6,2026-08-11T10:46:33,NOT_RECORDED,embedded in retained source filename,12865882,12042e53c1f186f7314d89508734d88d86c9c23309e07ef92d927b7bf619690f
