source_file,report_type,official_collection_url,download_completed_date,exact_download_time,package_member_timestamp,package_member_timezone,uncompressed_bytes,sha256
CAISO_2023_Annual_Report_on_Market_Issues_and_Performance.pdf,annual market report,https://www.caiso.com/market-operations/market-monitoring/market-issues-and-performance-reports,2026-08-11,NOT_RECORDED,2026-08-11T23:02:56,NOT_STORED_BY_ZIP,4367241,0414fc5a965145049d4880c3948913c19924dac7ed83a94cd6c400f8fbad422b
CAISO_2024_Annual_Report_on_Market_Issues_and_Performance.pdf,annual market report,https://www.caiso.com/market-operations/market-monitoring/market-issues-and-performance-reports,2026-08-11,NOT_RECORDED,2026-08-11T23:02:56,NOT_STORED_BY_ZIP,4454464,bdf292ce89b4caa6b6a0a89af21f248bbb910039e7c9355108773875a47dcdda
CAISO_2025_Annual_Report_on_Market_Issues_and_Performance.pdf,annual market report,https://www.caiso.com/market-operations/market-monitoring/market-issues-and-performance-reports,2026-08-11,NOT_RECORDED,2026-08-11T23:02:56,NOT_STORED_BY_ZIP,4719902,7c89fdc42ef10968b194a3919dfb8f3ecf3ce52b53ffbe4bb9607e92a9915ea9
CAISO_Monthly_Renewables_Performance_Report_2023_05_May.html,monthly renewables report,https://www.caiso.com/library/monthly-renewables-performance-report,2026-08-11,NOT_RECORDED,2026-08-11T23:02:56,NOT_STORED_BY_ZIP,163828,5d846ded2417d928b866509ee764a1a0924859641fd41ab77dc7b53e6df36678
CAISO_Monthly_Renewables_Performance_Report_2023_06_June.html,monthly renewables report,https://www.caiso.com/library/monthly-renewables-performance-report,2026-08-11,NOT_RECORDED,2026-08-11T23:02:56,NOT_STORED_BY_ZIP,164218,71d28a57dc07997963449d9c9d13b45b129564473d221399c5b2fdaa3131a41a
CAISO_Monthly_Renewables_Performance_Report_2023_07_July.html,monthly renewables report,https://www.caiso.com/library/monthly-renewables-performance-report,2026-08-11,NOT_RECORDED,2026-08-11T23:02:56,NOT_STORED_BY_ZIP,164706,f0a186d520789898cd8a0bb831b966174f50a0f933f556e05674a5b025c6258b
CAISO_Monthly_Renewables_Performance_Report_2023_08_August.html,monthly renewables report,https://www.caiso.com/library/monthly-renewables-performance-report,2026-08-11,NOT_RECORDED,2026-08-11T23:02:56,NOT_STORED_BY_ZIP,165140,5f14cb535f5d04e10797bc12f2781669727e78e034f21619f53ae662f9eedd5e
CAISO_Monthly_Renewables_Performance_Report_2023_09_September.html,monthly renewables report,https://www.caiso.com/library/monthly-renewables-performance-report,2026-08-11,NOT_RECORDED,2026-08-11T23:02:56,NOT_STORED_BY_ZIP,165507,4e8f784cd8e920003ede13c1a2c4e70df845cbf3f83bf9cec71af5732ffe79ba
CAISO_Monthly_Renewables_Performance_Report_2023_10_October.html,monthly renewables report,https://www.caiso.com/library/monthly-renewables-performance-report,2026-08-11,NOT_RECORDED,2026-08-11T23:02:56,NOT_STORED_BY_ZIP,165961,78236b024970e229d08d6affe10d0a0e630d3d5ea751e2bdc8589d63d18dd949
CAISO_Monthly_Renewables_Performance_Report_2023_11_November.html,monthly renewables report,https://www.caiso.com/library/monthly-renewables-performance-report,2026-08-11,NOT_RECORDED,2026-08-11T23:02:56,NOT_STORED_BY_ZIP,166292,06a6cdda531391b99536d96669492d069ed42059ff6287079376d4dda50434a0
CAISO_Monthly_Renewables_Performance_Report_2023_12_December.html,monthly renewables report,https://www.caiso.com/library/monthly-renewables-performance-report,2026-08-11,NOT_RECORDED,2026-08-11T23:02:56,NOT_STORED_BY_ZIP,166668,dc411445d5d849adc4d0ace0d08691d8711ece4ccb8b160b8e959760fd5ee7c4
CAISO_Monthly_Renewables_Performance_Report_2024_01_January.html,monthly renewables report,https://www.caiso.com/library/monthly-renewables-performance-report,2026-08-11,NOT_RECORDED,2026-08-11T23:02:56,NOT_STORED_BY_ZIP,167112,00a9bf275f91501d0f6ecaadcdfab2fcf35536a084b26b7d85b505f8ec11f303
CAISO_Monthly_Renewables_Performance_Report_2024_02_February.html,monthly renewables report,https://www.caiso.com/library/monthly-renewables-performance-report,2026-08-11,NOT_RECORDED,2026-08-11T23:02:56,NOT_STORED_BY_ZIP,167416,07d7f9873a3609b01fe7833c87d031bb2db30fe9f95316eef03b13c52cf0c2df
CAISO_Monthly_Renewables_Performance_Report_2024_03_March.html,monthly renewables report,https://www.caiso.com/library/monthly-renewables-performance-report,2026-08-11,NOT_RECORDED,2026-08-11T23:02:56,NOT_STORED_BY_ZIP,167926,f018e483a615f9dabe62b0f99f7d3a7188a8d581b1145a43ab5ea636476593a0
CAISO_Monthly_Renewables_Performance_Report_2024_04_April.html,monthly renewables report,https://www.caiso.com/library/monthly-renewables-performance-report,2026-08-11,NOT_RECORDED,2026-08-11T23:02:56,NOT_STORED_BY_ZIP,176283,445e8e198721b5bf6dfc9d8ff7de980a91c0c4fa158df6ba462999f59376d14c
CAISO_Monthly_Renewables_Performance_Report_2024_05_May.html,monthly renewables report,https://www.caiso.com/library/monthly-renewables-performance-report,2026-08-11,NOT_RECORDED,2026-08-11T23:02:56,NOT_STORED_BY_ZIP,171261,dc502ed5fe13462195009c2e06ec76c50ed5ae07ef5e461fca599ac2fcc669c0
CAISO_Monthly_Renewables_Performance_Report_2024_06_June.html,monthly renewables report,https://www.caiso.com/library/monthly-renewables-performance-report,2026-08-11,NOT_RECORDED,2026-08-11T23:02:56,NOT_STORED_BY_ZIP,171693,ac507c02eeae51e0eb472aa1061162458cd5319aee2ca2dabb8a507823cf4b15
CAISO_Monthly_Renewables_Performance_Report_2024_07_July.html,monthly renewables report,https://www.caiso.com/library/monthly-renewables-performance-report,2026-08-11,NOT_RECORDED,2026-08-11T23:02:56,NOT_STORED_BY_ZIP,172276,4b253c50a5619dc404bcf54c88e085069cfacdb326c47cceb5b522854a8be7bf
CAISO_Monthly_Renewables_Performance_Report_2024_08_August.html,monthly renewables report,https://www.caiso.com/library/monthly-renewables-performance-report,2026-08-11,NOT_RECORDED,2026-08-11T23:02:56,NOT_STORED_BY_ZIP,172745,8cb4670b998cfc004a5fa7f0aeca7eea6a8ac57db6afbbda872b68019f921e7b
CAISO_Monthly_Renewables_Performance_Report_2024_09_September.html,monthly renewables report,https://www.caiso.com/library/monthly-renewables-performance-report,2026-08-11,NOT_RECORDED,2026-08-11T23:02:56,NOT_STORED_BY_ZIP,173140,f5b0b6edf3bd782468c8dec6ef8bf39c8a1267add6a457637d7190621d31a3f1
CAISO_Monthly_Renewables_Performance_Report_2024_10_October.html,monthly renewables report,https://www.caiso.com/library/monthly-renewables-performance-report,2026-08-11,NOT_RECORDED,2026-08-11T23:02:56,NOT_STORED_BY_ZIP,173663,31488fc0f68553ac6a6fb9c8413d97461c980fd82b6ff875c3c4462b3b493c91
CAISO_Monthly_Renewables_Performance_Report_2024_11_November.html,monthly renewables report,https://www.caiso.com/library/monthly-renewables-performance-report,2026-08-11,NOT_RECORDED,2026-08-11T23:02:56,NOT_STORED_BY_ZIP,173992,5a9e0bfa06245ec08a2bc3f471f9397ae75f637c199c6b7da897f808a81edce6
CAISO_Monthly_Renewables_Performance_Report_2024_12_December.html,monthly renewables report,https://www.caiso.com/library/monthly-renewables-performance-report,2026-08-11,NOT_RECORDED,2026-08-11T23:02:56,NOT_STORED_BY_ZIP,174554,72338fad5b895dc7f029d73a7f922efdcb5c12342e7a2c4ad87caf5b85e4270b
CAISO_Monthly_Renewables_Performance_Report_2025_01_January.html,monthly renewables report,https://www.caiso.com/library/monthly-renewables-performance-report,2026-08-11,NOT_RECORDED,2026-08-11T23:02:56,NOT_STORED_BY_ZIP,175006,34c8f5d45617759acaec7c4ce58d77bce940425566d852e90358dbecfe36aabe
CAISO_Monthly_Renewables_Performance_Report_2025_02_February.html,monthly renewables report,https://www.caiso.com/library/monthly-renewables-performance-report,2026-08-11,NOT_RECORDED,2026-08-11T23:02:56,NOT_STORED_BY_ZIP,175277,24b0f6316a80d5a7b62e013be81e4c47f5fa1c3aab00b7366013f55ccb02b00b
CAISO_Monthly_Renewables_Performance_Report_2025_03_March.html,monthly renewables report,https://www.caiso.com/library/monthly-renewables-performance-report,2026-08-11,NOT_RECORDED,2026-08-11T23:02:56,NOT_STORED_BY_ZIP,175925,cb497a982164745e32732181ca489fc2213bad6cc6f7a9f6005632ebce20179c
CAISO_Monthly_Renewables_Performance_Report_2025_04_April.html,monthly renewables report,https://www.caiso.com/library/monthly-renewables-performance-report,2026-08-11,NOT_RECORDED,2026-08-11T23:02:56,NOT_STORED_BY_ZIP,176353,e866d37281ae50d1c268bc233043f4919078616004660b9666f416dd3acfc240
CAISO_Monthly_Renewables_Performance_Report_2025_05_May.html,monthly renewables report,https://www.caiso.com/library/monthly-renewables-performance-report,2026-08-11,NOT_RECORDED,2026-08-11T23:02:56,NOT_STORED_BY_ZIP,176911,6320a83cbfba304c5ceebd977c0bbac892b5ce64a78e253281d6dd627dc595b1
CAISO_Monthly_Renewables_Performance_Report_2025_06_June.html,monthly renewables report,https://www.caiso.com/library/monthly-renewables-performance-report,2026-08-11,NOT_RECORDED,2026-08-11T23:02:56,NOT_STORED_BY_ZIP,177313,cb1ff8ce6a47319b3364b5c80e039491ec5d535f885ab4c4facad60200e9dcf8
CAISO_Monthly_Renewables_Performance_Report_2025_07_July.html,monthly renewables report,https://www.caiso.com/library/monthly-renewables-performance-report,2026-08-11,NOT_RECORDED,2026-08-11T23:02:56,NOT_STORED_BY_ZIP,177721,d39c0ef58c617900622e1908cb07ddfa0895219585b8c7b171b8e60db56295bc
CAISO_Monthly_Renewables_Performance_Report_2025_08_August.html,monthly renewables report,https://www.caiso.com/library/monthly-renewables-performance-report,2026-08-11,NOT_RECORDED,2026-08-11T23:02:56,NOT_STORED_BY_ZIP,178509,a16c1d178794d304d3c243f591ceef84a6d00e1a73c047a81dc0a8fd4b9b027b
CAISO_Monthly_Renewables_Performance_Report_2025_09_September.html,monthly renewables report,https://www.caiso.com/library/monthly-renewables-performance-report,2026-08-11,NOT_RECORDED,2026-08-11T23:02:56,NOT_STORED_BY_ZIP,178963,af3bb60a0032fb5efc63a7793314993e019150e3ce275a60843750707e2bf408
CAISO_Monthly_Renewables_Performance_Report_2025_10_October.html,monthly renewables report,https://www.caiso.com/library/monthly-renewables-performance-report,2026-08-11,NOT_RECORDED,2026-08-11T23:02:56,NOT_STORED_BY_ZIP,179465,1e9853b4029f9d4d2c12cf4fb723bd293db82b9cef0823ee64048dfd61e12bf1
CAISO_Monthly_Renewables_Performance_Report_2025_11_November.html,monthly renewables report,https://www.caiso.com/library/monthly-renewables-performance-report,2026-08-11,NOT_RECORDED,2026-08-11T23:02:56,NOT_STORED_BY_ZIP,179790,1cd8b0dc0736227c51e4ed78880ed88a49fa38b2b6539cef129e2945e85e8af5
CAISO_Monthly_Renewables_Performance_Report_2025_12_December.html,monthly renewables report,https://www.caiso.com/library/monthly-renewables-performance-report,2026-08-11,NOT_RECORDED,2026-08-11T23:02:56,NOT_STORED_BY_ZIP,180429,71bd26a8c06749b77067b962f3cf8c94f138d0c3e2c88a952e4e2a5ffbb72c4a
